2025-11-19 10:38:58,984 - core.extension_manager - INFO - Starting collectors... (Stub)
2025-11-19 10:38:58,985 - core.sync_engine - INFO - SyncEngine started.
2025-11-19 10:38:59,216 - __main__ - INFO - LifeLog Client started.
2025-11-19 10:42:37,543 - __main__ - INFO - Config file is at: /Users/jaxon/.lifelog/config.json
2025-11-19 10:42:42,253 - __main__ - INFO - Manual sync triggered
2025-11-19 10:43:06,955 - __main__ - INFO - Manual sync triggered
2025-11-19 10:52:09,908 - core.extension_manager - INFO - Starting collectors...
2025-11-19 10:52:09,910 - core.sync_engine - INFO - SyncEngine started.
2025-11-19 10:52:10,170 - __main__ - INFO - LifeLog Client started.
2025-11-19 10:52:29,953 - __main__ - INFO - Manual sync triggered
2025-11-19 10:54:10,021 - __main__ - INFO - Performing initial extension sync...
2025-11-19 10:54:10,022 - core.extension_manager - INFO - Checking for extension updates...
2025-11-19 10:54:10,332 - core.extension_manager - INFO - Downloading extension com.lifelog.aw...
2025-11-19 10:54:10,406 - core.extension_manager - INFO - Installed com.lifelog.aw
2025-11-19 10:54:10,406 - core.extension_manager - INFO - Downloading extension com.lifelog.activitywatch...
2025-11-19 10:54:10,439 - core.extension_manager - INFO - Installed com.lifelog.activitywatch
2025-11-19 10:54:10,439 - core.extension_manager - INFO - Extensions updated. Restarting collectors...
2025-11-19 10:54:10,439 - core.extension_manager - INFO - Starting collectors...
2025-11-19 10:54:10,440 - core.extension_manager - INFO - Spawning collector for com.lifelog.aw: collector.py
2025-11-19 10:54:10,447 - core.extension_manager - INFO - Started monitoring thread for com.lifelog.aw
2025-11-19 10:54:10,448 - core.extension_manager - INFO - Skipping non-python extension com.lifelog.activitywatch
2025-11-19 10:54:10,449 - core.extension_manager - INFO - Starting collectors...
2025-11-19 10:54:10,449 - core.extension_manager - INFO - Stopping collector com.lifelog.aw...
2025-11-19 10:54:10,449 - core.extension_manager - INFO - Monitoring thread for com.lifelog.aw stopped
2025-11-19 10:54:10,452 - core.extension_manager - INFO - Spawning collector for com.lifelog.aw: collector.py
2025-11-19 10:54:10,457 - core.extension_manager - INFO - Started monitoring thread for com.lifelog.aw
2025-11-19 10:54:10,458 - core.extension_manager - INFO - Skipping non-python extension com.lifelog.activitywatch
2025-11-19 10:54:10,459 - core.sync_engine - INFO - SyncEngine started.
2025-11-19 10:54:10,474 - __main__ - INFO - LifeLog Client started.
2025-11-19 10:54:10,490 - core.extension_manager - INFO - Monitoring thread for com.lifelog.aw stopped
2025-11-19 10:55:12,376 - __main__ - INFO - Performing initial extension sync...
2025-11-19 10:55:12,377 - core.extension_manager - INFO - Checking for extension updates...
2025-11-19 10:55:12,461 - core.extension_manager - INFO - Starting collectors...
2025-11-19 10:55:12,462 - core.extension_manager - INFO - Spawning collector for com.lifelog.aw: collector.py
2025-11-19 10:55:12,474 - core.extension_manager - INFO - Started monitoring thread for com.lifelog.aw
2025-11-19 10:55:12,476 - core.extension_manager - INFO - Skipping non-python extension com.lifelog.activitywatch
2025-11-19 10:55:12,477 - core.sync_engine - INFO - SyncEngine started.
2025-11-19 10:55:12,499 - core.extension_manager - INFO - Monitoring thread for com.lifelog.aw stopped
2025-11-19 10:55:12,500 - core.extension_manager - ERROR - [com.lifelog.aw] Process exited with code 2
2025-11-19 10:55:12,500 - core.extension_manager - ERROR - [com.lifelog.aw] Stderr: /opt/homebrew/Caskroom/miniconda/base/bin/python: can't open file '/Users/jaxon/Documents/Coding/LifeLog/extensions/com.lifelog.aw/extensions/com.lifelog.aw/collector.py': [Errno 2] No such file or directory

2025-11-19 10:55:12,547 - __main__ - INFO - LifeLog Client started.
2025-11-19 10:56:32,210 - __main__ - INFO - Performing initial extension sync...
2025-11-19 10:56:32,212 - core.extension_manager - INFO - Checking for extension updates...
2025-11-19 10:56:32,324 - core.extension_manager - INFO - Downloading extension com.lifelog.aw...
2025-11-19 10:56:32,354 - core.extension_manager - INFO - Installed com.lifelog.aw
2025-11-19 10:56:32,354 - core.extension_manager - INFO - Downloading extension com.lifelog.activitywatch...
2025-11-19 10:56:32,369 - core.extension_manager - INFO - Installed com.lifelog.activitywatch
2025-11-19 10:56:32,370 - core.extension_manager - INFO - Extensions updated. Restarting collectors...
2025-11-19 10:56:32,370 - core.extension_manager - INFO - Starting collectors...
2025-11-19 10:56:32,370 - core.extension_manager - INFO - Spawning collector for com.lifelog.aw: collector.py
2025-11-19 10:56:32,405 - core.extension_manager - INFO - Started monitoring thread for com.lifelog.aw
2025-11-19 10:56:32,409 - core.extension_manager - INFO - Skipping non-python extension com.lifelog.activitywatch
2025-11-19 10:56:32,410 - core.sync_engine - INFO - SyncEngine started.
2025-11-19 10:56:32,530 - __main__ - INFO - LifeLog Client started.
2025-11-19 10:56:32,616 - core.extension_manager - WARNING - [com.lifelog.aw] Invalid JSON output: Starting ActivityWatch Collector for 73d5f18a-58e4-42f8-a3dc-be26eabf0d33...
2025-11-19 10:56:32,616 - core.extension_manager - WARNING - [com.lifelog.aw] Invalid JSON output: Found 3 buckets.
2025-11-19 10:56:42,719 - core.extension_manager - WARNING - [com.lifelog.aw] Invalid JSON output: Found 3 buckets.
2025-11-19 10:56:52,789 - core.extension_manager - WARNING - [com.lifelog.aw] Invalid JSON output: Found 3 buckets.
2025-11-19 10:57:02,587 - core.sync_engine - INFO - Successfully synced 3 items.
2025-11-19 10:57:02,838 - core.extension_manager - WARNING - [com.lifelog.aw] Invalid JSON output: Found 3 buckets.
2025-11-19 10:57:12,899 - core.extension_manager - WARNING - [com.lifelog.aw] Invalid JSON output: Found 3 buckets.
2025-11-19 10:57:26,946 - __main__ - INFO - Performing initial extension sync...
2025-11-19 10:57:26,947 - core.extension_manager - INFO - Checking for extension updates...
2025-11-19 10:57:27,023 - core.extension_manager - INFO - Starting collectors...
2025-11-19 10:57:27,024 - core.extension_manager - INFO - Spawning collector for com.lifelog.aw: collector.py
2025-11-19 10:57:27,028 - core.extension_manager - INFO - Started monitoring thread for com.lifelog.aw
2025-11-19 10:57:27,030 - core.extension_manager - INFO - Skipping non-python extension com.lifelog.activitywatch
2025-11-19 10:57:27,030 - core.sync_engine - INFO - SyncEngine started.
2025-11-19 10:57:27,119 - core.sync_engine - INFO - Successfully synced 2 items.
2025-11-19 10:57:27,245 - core.extension_manager - WARNING - [com.lifelog.aw] Invalid JSON output: Starting ActivityWatch Collector for 73d5f18a-58e4-42f8-a3dc-be26eabf0d33...
2025-11-19 10:57:27,246 - core.extension_manager - WARNING - [com.lifelog.aw] Invalid JSON output: Found 3 buckets.
2025-11-19 10:57:27,252 - __main__ - INFO - LifeLog Client started.
2025-11-19 10:57:37,297 - core.extension_manager - WARNING - [com.lifelog.aw] Invalid JSON output: Found 3 buckets.
2025-11-19 10:57:47,355 - core.extension_manager - WARNING - [com.lifelog.aw] Invalid JSON output: Found 3 buckets.
2025-11-19 10:57:57,454 - core.extension_manager - WARNING - [com.lifelog.aw] Invalid JSON output: Found 3 buckets.
2025-11-19 10:57:58,455 - core.sync_engine - INFO - Successfully synced 3 items.
2025-11-19 10:58:07,501 - core.extension_manager - WARNING - [com.lifelog.aw] Invalid JSON output: Found 3 buckets.
2025-11-19 10:58:17,563 - core.extension_manager - WARNING - [com.lifelog.aw] Invalid JSON output: Found 3 buckets.
2025-11-19 10:58:27,603 - core.extension_manager - WARNING - [com.lifelog.aw] Invalid JSON output: Found 3 buckets.
2025-11-19 10:58:28,601 - core.sync_engine - INFO - Successfully synced 4 items.
2025-11-19 10:58:44,085 - __main__ - INFO - Performing initial extension sync...
2025-11-19 10:58:44,087 - core.extension_manager - INFO - Checking for extension updates...
2025-11-19 10:58:44,168 - core.extension_manager - INFO - Starting collectors...
2025-11-19 10:58:44,168 - core.extension_manager - INFO - Spawning collector for com.lifelog.aw: collector.py
2025-11-19 10:58:44,172 - core.extension_manager - INFO - Started monitoring thread for com.lifelog.aw
2025-11-19 10:58:44,173 - core.extension_manager - INFO - Skipping non-python extension com.lifelog.activitywatch
2025-11-19 10:58:44,174 - core.sync_engine - INFO - SyncEngine started.
2025-11-19 10:58:44,344 - core.extension_manager - WARNING - [com.lifelog.aw] Invalid JSON output: Starting ActivityWatch Collector for 73d5f18a-58e4-42f8-a3dc-be26eabf0d33...
2025-11-19 10:58:44,344 - core.extension_manager - WARNING - [com.lifelog.aw] Invalid JSON output: Found 3 buckets.
2025-11-19 10:58:44,420 - __main__ - INFO - LifeLog Client started.
2025-11-19 10:58:54,400 - core.extension_manager - WARNING - [com.lifelog.aw] Invalid JSON output: Found 3 buckets.
2025-11-19 10:59:04,472 - core.extension_manager - WARNING - [com.lifelog.aw] Invalid JSON output: Found 3 buckets.
2025-11-19 10:59:14,306 - core.sync_engine - INFO - Successfully synced 3 items.
2025-11-19 10:59:14,545 - core.extension_manager - WARNING - [com.lifelog.aw] Invalid JSON output: Found 3 buckets.
2025-11-19 10:59:24,621 - core.extension_manager - WARNING - [com.lifelog.aw] Invalid JSON output: Found 3 buckets.
2025-11-19 10:59:38,372 - __main__ - INFO - Performing initial extension sync...
2025-11-19 10:59:38,373 - core.extension_manager - INFO - Checking for extension updates...
2025-11-19 10:59:38,482 - core.extension_manager - INFO - Downloading extension com.lifelog.aw...
2025-11-19 10:59:38,514 - core.extension_manager - INFO - Installed com.lifelog.aw
2025-11-19 10:59:38,515 - core.extension_manager - INFO - Extensions updated. Restarting collectors...
2025-11-19 10:59:38,515 - core.extension_manager - INFO - Starting collectors...
2025-11-19 10:59:38,515 - core.extension_manager - INFO - Spawning collector for com.lifelog.aw: collector.py
2025-11-19 10:59:38,520 - core.extension_manager - INFO - Started monitoring thread for com.lifelog.aw
2025-11-19 10:59:38,520 - core.extension_manager - INFO - Skipping non-python extension com.lifelog.activitywatch
2025-11-19 10:59:38,522 - core.sync_engine - INFO - SyncEngine started.
2025-11-19 10:59:38,552 - __main__ - INFO - LifeLog Client started.
2025-11-19 10:59:38,601 - core.sync_engine - INFO - Successfully synced 2 items.
2025-11-19 11:00:08,751 - core.sync_engine - INFO - Successfully synced 3 items.
2025-11-19 11:01:08,034 - core.sync_engine - INFO - Successfully synced 3 items.
2025-11-19 11:01:38,124 - core.sync_engine - INFO - Successfully synced 3 items.
2025-11-19 11:02:18,144 - core.sync_engine - ERROR - Network error during ingest: HTTPConnectionPool(host='localhost', port=8000): Read timed out. (read timeout=10)
2025-11-19 11:02:58,161 - core.sync_engine - ERROR - Network error during ingest: HTTPConnectionPool(host='localhost', port=8000): Read timed out. (read timeout=10)
2025-11-19 11:03:57,306 - core.sync_engine - ERROR - Network error during ingest: HTTPConnectionPool(host='localhost', port=8000): Read timed out. (read timeout=10)
2025-11-19 11:04:37,324 - core.sync_engine - ERROR - Network error during ingest: HTTPConnectionPool(host='localhost', port=8000): Read timed out. (read timeout=10)
2025-11-19 11:05:17,354 - core.sync_engine - ERROR - Network error during ingest: HTTPConnectionPool(host='localhost', port=8000): Read timed out. (read timeout=10)
2025-11-19 11:07:13,300 - core.sync_engine - INFO - Successfully synced 23 items.
2025-11-19 11:21:02,010 - core.sync_engine - INFO - Successfully synced 3 items.
2025-11-19 11:21:32,116 - core.sync_engine - INFO - Successfully synced 3 items.
2025-11-19 11:22:02,259 - core.sync_engine - INFO - Successfully synced 3 items.
2025-11-19 11:22:32,394 - core.sync_engine - INFO - Successfully synced 3 items.
2025-11-19 11:23:02,800 - core.sync_engine - INFO - Successfully synced 3 items.
2025-11-19 11:28:29,519 - core.sync_engine - INFO - Successfully synced 3 items.
2025-11-19 11:28:59,883 - core.sync_engine - INFO - Successfully synced 3 items.
2025-11-19 11:29:29,963 - core.sync_engine - INFO - Successfully synced 3 items.
2025-11-19 11:30:00,058 - core.sync_engine - INFO - Successfully synced 3 items.
2025-11-19 11:30:30,208 - core.sync_engine - INFO - Successfully synced 3 items.
2025-11-19 11:31:00,301 - core.sync_engine - INFO - Successfully synced 3 items.
2025-11-19 11:31:30,414 - core.sync_engine - INFO - Successfully synced 3 items.
2025-11-19 11:32:00,492 - core.sync_engine - INFO - Successfully synced 3 items.
2025-11-19 11:32:30,564 - core.sync_engine - INFO - Successfully synced 3 items.
2025-11-19 11:33:00,684 - core.sync_engine - INFO - Successfully synced 3 items.
2025-11-19 11:33:30,783 - core.sync_engine - INFO - Successfully synced 3 items.
2025-11-19 11:34:00,890 - core.sync_engine - INFO - Successfully synced 3 items.
2025-11-19 11:34:31,041 - core.sync_engine - INFO - Successfully synced 3 items.
2025-11-19 11:35:01,124 - core.sync_engine - INFO - Successfully synced 3 items.
2025-11-19 11:35:31,261 - core.sync_engine - INFO - Successfully synced 3 items.
2025-11-19 11:36:01,347 - core.sync_engine - INFO - Successfully synced 3 items.
2025-11-19 11:36:31,510 - core.sync_engine - INFO - Successfully synced 3 items.
2025-11-19 11:37:01,586 - core.sync_engine - INFO - Successfully synced 3 items.
2025-11-19 11:37:31,679 - core.sync_engine - INFO - Successfully synced 3 items.
2025-11-19 11:38:01,761 - core.sync_engine - INFO - Successfully synced 3 items.
2025-11-19 11:38:31,852 - core.sync_engine - INFO - Successfully synced 3 items.
2025-11-19 11:39:01,933 - core.sync_engine - INFO - Successfully synced 3 items.
2025-11-19 11:39:32,082 - core.sync_engine - INFO - Successfully synced 3 items.
2025-11-19 11:40:02,159 - core.sync_engine - INFO - Successfully synced 3 items.
2025-11-19 11:40:32,238 - core.sync_engine - INFO - Successfully synced 3 items.
2025-11-19 11:41:02,360 - core.sync_engine - INFO - Successfully synced 3 items.
2025-11-19 11:41:32,448 - core.sync_engine - INFO - Successfully synced 3 items.
2025-11-19 11:42:02,557 - core.sync_engine - INFO - Successfully synced 3 items.
2025-11-19 11:42:32,687 - core.sync_engine - INFO - Successfully synced 3 items.
2025-11-19 11:43:02,772 - core.sync_engine - INFO - Successfully synced 3 items.
2025-11-19 11:43:32,854 - core.sync_engine - INFO - Successfully synced 3 items.
2025-11-19 11:44:02,982 - core.sync_engine - INFO - Successfully synced 3 items.
2025-11-19 11:44:33,100 - core.sync_engine - INFO - Successfully synced 3 items.
2025-11-19 11:45:03,224 - core.sync_engine - INFO - Successfully synced 3 items.
2025-11-19 11:45:33,404 - core.sync_engine - INFO - Successfully synced 3 items.
2025-11-19 11:46:03,519 - core.sync_engine - INFO - Successfully synced 3 items.
2025-11-19 11:46:33,603 - core.sync_engine - INFO - Successfully synced 3 items.
2025-11-19 11:47:03,732 - core.sync_engine - INFO - Successfully synced 3 items.
2025-11-19 11:47:33,842 - core.sync_engine - INFO - Successfully synced 3 items.
2025-11-19 11:48:03,954 - core.sync_engine - INFO - Successfully synced 3 items.
2025-11-19 11:59:41,990 - core.sync_engine - INFO - Successfully synced 3 items.
2025-11-19 12:00:12,225 - core.sync_engine - INFO - Successfully synced 3 items.
2025-11-19 12:00:42,328 - core.sync_engine - INFO - Successfully synced 3 items.
2025-11-19 12:01:12,448 - core.sync_engine - INFO - Successfully synced 3 items.
2025-11-19 12:01:42,521 - core.sync_engine - INFO - Successfully synced 3 items.
2025-11-19 12:02:12,609 - core.sync_engine - INFO - Successfully synced 3 items.
2025-11-19 12:02:42,702 - core.sync_engine - INFO - Successfully synced 3 items.
2025-11-19 12:04:08,157 - core.sync_engine - INFO - Successfully synced 3 items.
2025-11-19 12:06:26,106 - core.sync_engine - INFO - Successfully synced 3 items.
2025-11-19 12:06:56,222 - core.sync_engine - INFO - Successfully synced 3 items.
2025-11-19 12:07:26,358 - core.sync_engine - INFO - Successfully synced 3 items.
2025-11-19 12:07:56,427 - core.sync_engine - INFO - Successfully synced 3 items.
2025-11-19 12:08:26,591 - core.sync_engine - INFO - Successfully synced 3 items.
2025-11-19 12:17:07,577 - core.sync_engine - INFO - Successfully synced 3 items.
2025-11-19 12:17:37,662 - core.sync_engine - INFO - Successfully synced 3 items.
2025-11-19 12:18:45,949 - core.sync_engine - ERROR - Network error during ingest: HTTPConnectionPool(host='localhost', port=8000): Read timed out. (read timeout=10)
2025-11-19 12:19:16,192 - core.sync_engine - INFO - Successfully synced 7 items.
2025-11-19 12:19:46,335 - core.sync_engine - INFO - Successfully synced 3 items.
2025-11-19 12:20:16,488 - core.sync_engine - INFO - Successfully synced 3 items.
2025-11-19 12:20:46,633 - core.sync_engine - INFO - Successfully synced 3 items.
2025-11-19 12:21:16,731 - core.sync_engine - INFO - Successfully synced 3 items.
2025-11-19 12:21:46,864 - core.sync_engine - INFO - Successfully synced 3 items.
2025-11-19 12:22:17,022 - core.sync_engine - INFO - Successfully synced 3 items.
2025-11-19 12:22:47,127 - core.sync_engine - INFO - Successfully synced 3 items.
2025-11-19 12:23:17,266 - core.sync_engine - INFO - Successfully synced 3 items.
2025-11-19 12:23:47,438 - core.sync_engine - INFO - Successfully synced 3 items.
2025-11-19 12:24:17,550 - core.sync_engine - INFO - Successfully synced 3 items.
2025-11-19 12:24:47,687 - core.sync_engine - INFO - Successfully synced 3 items.
2025-11-19 12:25:17,797 - core.sync_engine - INFO - Successfully synced 3 items.
2025-11-19 12:25:47,900 - core.sync_engine - INFO - Successfully synced 3 items.
2025-11-19 12:26:18,063 - core.sync_engine - INFO - Successfully synced 3 items.
2025-11-19 12:26:49,376 - __main__ - INFO - Performing initial extension sync...
2025-11-19 12:26:49,378 - core.extension_manager - INFO - Checking for extension updates...
2025-11-19 12:26:49,516 - core.extension_manager - INFO - Downloading extension com.lifelog.aw...
2025-11-19 12:26:49,561 - core.extension_manager - INFO - Installed com.lifelog.aw
2025-11-19 12:26:49,561 - core.extension_manager - INFO - Extensions updated. Restarting collectors...
2025-11-19 12:26:49,561 - core.extension_manager - INFO - Starting collectors...
2025-11-19 12:26:49,562 - core.extension_manager - INFO - Spawning collector for com.lifelog.aw: collector.py
2025-11-19 12:26:49,601 - core.extension_manager - INFO - Started monitoring thread for com.lifelog.aw
2025-11-19 12:26:49,601 - core.extension_manager - INFO - Skipping non-python extension com.lifelog.activitywatch
2025-11-19 12:26:49,602 - core.sync_engine - INFO - SyncEngine started.
2025-11-19 12:26:49,710 - core.sync_engine - INFO - Successfully synced 3 items.
2025-11-19 12:26:49,819 - __main__ - INFO - LifeLog Client started.
2025-11-19 12:27:19,841 - core.sync_engine - INFO - Successfully synced 3 items.
2025-11-19 12:27:49,986 - core.sync_engine - INFO - Successfully synced 3 items.
2025-11-19 12:28:20,115 - core.sync_engine - INFO - Successfully synced 3 items.
2025-11-19 12:28:50,233 - core.sync_engine - INFO - Successfully synced 3 items.
2025-11-19 12:29:20,388 - core.sync_engine - INFO - Successfully synced 3 items.
2025-11-19 12:29:50,537 - core.sync_engine - INFO - Successfully synced 3 items.
2025-11-19 12:30:20,635 - core.sync_engine - INFO - Successfully synced 3 items.
2025-11-19 12:30:50,951 - core.sync_engine - INFO - Successfully synced 3 items.
2025-11-19 12:31:21,103 - core.sync_engine - INFO - Successfully synced 3 items.
2025-11-19 12:31:51,312 - core.sync_engine - INFO - Successfully synced 3 items.
2025-11-19 12:32:21,454 - core.sync_engine - INFO - Successfully synced 3 items.
2025-11-19 12:32:51,576 - core.sync_engine - INFO - Successfully synced 3 items.
2025-11-19 12:33:21,750 - core.sync_engine - INFO - Successfully synced 3 items.
2025-11-19 12:33:52,562 - core.sync_engine - INFO - Successfully synced 3 items.
2025-11-19 12:34:22,699 - core.sync_engine - INFO - Successfully synced 3 items.
2025-11-19 12:34:52,835 - core.sync_engine - INFO - Successfully synced 3 items.
2025-11-19 12:35:22,955 - core.sync_engine - INFO - Successfully synced 3 items.
2025-11-19 12:35:53,251 - core.sync_engine - INFO - Successfully synced 3 items.
2025-11-19 12:36:32,378 - __main__ - INFO - Performing initial extension sync...
2025-11-19 12:36:32,380 - core.extension_manager - INFO - Checking for extension updates...
2025-11-19 12:36:32,468 - core.extension_manager - INFO - Downloading extension com.lifelog.aw...
2025-11-19 12:36:32,490 - core.extension_manager - INFO - Installed com.lifelog.aw
2025-11-19 12:36:32,491 - core.extension_manager - INFO - Extensions updated. Restarting collectors...
2025-11-19 12:36:32,491 - core.extension_manager - INFO - Starting collectors...
2025-11-19 12:36:32,491 - core.extension_manager - INFO - Spawning collector for com.lifelog.aw: collector.py
2025-11-19 12:36:32,494 - core.extension_manager - INFO - Started monitoring thread for com.lifelog.aw
2025-11-19 12:36:32,494 - core.extension_manager - INFO - Skipping non-python extension com.lifelog.activitywatch
2025-11-19 12:36:32,495 - core.sync_engine - INFO - SyncEngine started.
2025-11-19 12:36:32,561 - core.sync_engine - INFO - Successfully synced 3 items.
2025-11-19 12:36:32,689 - __main__ - INFO - LifeLog Client started.
2025-11-19 12:37:02,761 - core.sync_engine - INFO - Successfully synced 14 items.
2025-11-19 12:37:32,953 - core.sync_engine - INFO - Successfully synced 9 items.
2025-11-19 12:38:03,157 - core.sync_engine - INFO - Successfully synced 5 items.
2025-11-19 12:38:33,307 - core.sync_engine - INFO - Successfully synced 5 items.
2025-11-19 12:39:03,395 - core.sync_engine - INFO - Successfully synced 3 items.
2025-11-19 12:39:41,203 - __main__ - INFO - Performing initial extension sync...
2025-11-19 12:39:41,205 - core.extension_manager - INFO - Checking for extension updates...
2025-11-19 12:39:41,270 - core.extension_manager - INFO - Downloading extension com.lifelog.aw...
2025-11-19 12:39:41,296 - core.extension_manager - INFO - Installed com.lifelog.aw
2025-11-19 12:39:41,296 - core.extension_manager - INFO - Extensions updated. Restarting collectors...
2025-11-19 12:39:41,296 - core.extension_manager - INFO - Starting collectors...
2025-11-19 12:39:41,297 - core.extension_manager - INFO - Spawning collector for com.lifelog.aw: collector.py
2025-11-19 12:39:41,300 - core.extension_manager - INFO - Started monitoring thread for com.lifelog.aw
2025-11-19 12:39:41,301 - core.extension_manager - INFO - Skipping non-python extension com.lifelog.activitywatch
2025-11-19 12:39:41,301 - core.sync_engine - INFO - SyncEngine started.
2025-11-19 12:39:41,378 - core.sync_engine - INFO - Successfully synced 6 items.
2025-11-19 12:39:41,470 - __main__ - INFO - LifeLog Client started.
2025-11-19 12:40:11,517 - core.sync_engine - INFO - Successfully synced 6 items.
2025-11-19 12:40:41,667 - core.sync_engine - INFO - Successfully synced 6 items.
2025-11-19 12:41:11,850 - core.sync_engine - INFO - Successfully synced 8 items.
2025-11-19 12:41:42,011 - core.sync_engine - INFO - Successfully synced 6 items.
2025-11-19 12:42:12,164 - core.sync_engine - INFO - Successfully synced 5 items.
2025-11-19 12:42:42,330 - core.sync_engine - INFO - Successfully synced 3 items.
2025-11-19 12:43:12,521 - core.sync_engine - INFO - Successfully synced 6 items.
2025-11-19 12:43:33,237 - __main__ - INFO - Performing initial extension sync...
2025-11-19 12:43:33,238 - core.extension_manager - INFO - Checking for extension updates...
2025-11-19 12:43:33,309 - core.extension_manager - INFO - Starting collectors...
2025-11-19 12:43:33,310 - core.extension_manager - INFO - Spawning collector for com.lifelog.aw: collector.py
2025-11-19 12:43:33,313 - core.extension_manager - INFO - Started monitoring thread for com.lifelog.aw
2025-11-19 12:43:33,314 - core.extension_manager - INFO - Skipping non-python extension com.lifelog.activitywatch
2025-11-19 12:43:33,316 - core.sync_engine - INFO - SyncEngine started.
2025-11-19 12:43:33,375 - core.sync_engine - INFO - Successfully synced 2 items.
2025-11-19 12:43:33,559 - __main__ - INFO - LifeLog Client started.
2025-11-19 12:44:03,586 - core.sync_engine - INFO - Successfully synced 9 items.
2025-11-19 12:44:33,767 - core.sync_engine - INFO - Successfully synced 7 items.
2025-11-19 12:45:03,884 - core.sync_engine - INFO - Successfully synced 4 items.
2025-11-19 12:45:34,072 - core.sync_engine - INFO - Successfully synced 8 items.
2025-11-19 12:46:04,216 - core.sync_engine - INFO - Successfully synced 5 items.
2025-11-19 12:46:34,393 - core.sync_engine - INFO - Successfully synced 5 items.
2025-11-19 12:47:04,550 - core.sync_engine - INFO - Successfully synced 3 items.
2025-11-19 12:47:34,658 - core.sync_engine - INFO - Successfully synced 4 items.
2025-11-19 12:48:04,762 - core.sync_engine - INFO - Successfully synced 3 items.
2025-11-19 12:48:34,968 - core.sync_engine - INFO - Successfully synced 5 items.
2025-11-19 12:49:05,117 - core.sync_engine - INFO - Successfully synced 8 items.
2025-11-19 12:49:13,886 - __main__ - INFO - Performing initial extension sync...
2025-11-19 12:49:13,887 - core.extension_manager - INFO - Checking for extension updates...
2025-11-19 12:49:13,970 - core.extension_manager - INFO - Downloading extension com.lifelog.aw...
2025-11-19 12:49:13,994 - core.extension_manager - INFO - Installed com.lifelog.aw
2025-11-19 12:49:13,994 - core.extension_manager - INFO - Extensions updated. Restarting collectors...
2025-11-19 12:49:13,994 - core.extension_manager - INFO - Starting collectors...
2025-11-19 12:49:13,995 - core.extension_manager - INFO - Spawning collector for com.lifelog.aw: collector.py
2025-11-19 12:49:14,001 - core.extension_manager - INFO - Started monitoring thread for com.lifelog.aw
2025-11-19 12:49:14,002 - core.extension_manager - INFO - Skipping non-python extension com.lifelog.activitywatch
2025-11-19 12:49:14,003 - core.sync_engine - INFO - SyncEngine started.
2025-11-19 12:49:14,050 - core.sync_engine - INFO - Successfully synced 3 items.
2025-11-19 12:49:14,102 - __main__ - INFO - LifeLog Client started.
2025-11-19 16:31:28,726 - __main__ - INFO - Performing initial extension sync...
2025-11-19 16:31:28,729 - core.extension_manager - INFO - Checking for extension updates...
2025-11-19 16:31:28,932 - core.extension_manager - INFO - Downloading extension com.lifelog.activitywatch...
2025-11-19 16:31:28,981 - core.extension_manager - ERROR - Failed to download com.lifelog.activitywatch: 404
2025-11-19 16:31:28,981 - core.extension_manager - INFO - Extensions updated. Restarting collectors...
2025-11-19 16:31:28,981 - core.extension_manager - INFO - Starting collectors...
2025-11-19 16:31:28,982 - core.extension_manager - INFO - Spawning collector for com.lifelog.aw: collector.py
2025-11-19 16:31:28,987 - core.extension_manager - INFO - Started monitoring thread for com.lifelog.aw
2025-11-19 16:31:28,989 - core.sync_engine - INFO - SyncEngine started.
2025-11-19 16:31:29,141 - __main__ - INFO - LifeLog Client started.
2025-11-19 16:31:44,871 - __main__ - INFO - Performing initial extension sync...
2025-11-19 16:31:44,872 - core.extension_manager - INFO - Checking for extension updates...
2025-11-19 16:31:44,929 - core.extension_manager - INFO - Downloading extension com.lifelog.activitywatch...
2025-11-19 16:31:44,943 - core.extension_manager - ERROR - Failed to download com.lifelog.activitywatch: 404
2025-11-19 16:31:44,946 - core.extension_manager - INFO - Extensions updated. Restarting collectors...
2025-11-19 16:31:44,946 - core.extension_manager - INFO - Starting collectors...
2025-11-19 16:31:44,947 - core.extension_manager - INFO - Spawning collector for com.lifelog.aw: collector.py
2025-11-19 16:31:44,952 - core.extension_manager - INFO - Started monitoring thread for com.lifelog.aw
2025-11-19 16:31:44,953 - core.sync_engine - INFO - SyncEngine started.
2025-11-19 16:31:45,054 - __main__ - INFO - LifeLog Client started.
2025-11-19 16:32:45,045 - core.sync_engine - WARNING - Failed to ingest item 487: 422 - {"detail":[{"type":"dict_type","loc":["body","payload"],"msg":"Input should be a valid dictionary","input":[{"source":"activitywatch","bucket_id":"aw-watcher-afk_Jaxons-MacBook-Air.local","bucket_type":"afkstatus","timestamp":"2025-11-20T00:30:45+00:00","duration":57.398,"data":{"status":"not-afk"}},{"source":"activitywatch","bucket_id":"aw-watcher-window_Jaxons-MacBook-Air.local","bucket_type":"currentwindow","timestamp":"2025-11-20T00:30:45+00:00","duration":57.34,"data":{"app":"Code","title":"LifeLog/lifelog_db/public/events — LifeLog"}},{"source":"activitywatch","bucket_id":"aw-watcher-web-firefox_Jaxons-MacBook-Air.local","bucket_type":"web.tab.current","timestamp":"2025-11-20T00:30:45+00:00","duration":9.931,"data":{"url":"https://aistudio.google.com/prompts/17WCF2X7wp4J8u644jVRW9M6s-b6e5ee-","title":"Google AI Studio","audible":false,"incognito":false,"tabCount":4}},{"source":"activitywatch","bucket_id":"aw-watcher-afk_Jaxons-MacBook-Air.local","bucket_type":"afkstatus","timestamp":"2025-11-20T00:31:45+00:00","duration":8.101,"data":{"status":"not-afk"}},{"source":"activitywatch","bucket_id":"aw-watcher-window_Jaxons-MacBook-Air.local","bucket_type":"currentwindow","timestamp":"2025-11-20T00:31:45+00:00","duration":7.338,"data":{"app":"Code","title":"LifeLog/lifelog_db/public/events — LifeLog"}},{"source":"activitywatch","bucket_id":"aw-watcher-web-firefox_Jaxons-MacBook-Air.local","bucket_type":"web.tab.current","timestamp":"2025-11-20T00:31:45+00:00","duration":9.976,"data":{"url":"https://aistudio.google.com/prompts/17WCF2X7wp4J8u644jVRW9M6s-b6e5ee-","title":"Google AI Studio","audible":false,"incognito":false,"tabCount":4}},{"source":"activitywatch","bucket_id":"aw-watcher-window_Jaxons-MacBook-Air.local","bucket_type":"currentwindow","timestamp":"2025-11-20T00:31:55+00:00","duration":7.34,"data":{"app":"Code","title":"LifeLog/lifelog_db/public/events — LifeLog"}},{"source":"activitywatch","bucket_id":"aw-watcher-afk_Jaxons-MacBook-Air.local","bucket_type":"afkstatus","timestamp":"2025-11-20T00:32:05+00:00","duration":0.089,"data":{"status":"not-afk"}},{"source":"activitywatch","bucket_id":"aw-watcher-window_Jaxons-MacBook-Air.local","bucket_type":"currentwindow","timestamp":"2025-11-20T00:32:05+00:00","duration":7.336,"data":{"app":"Code","title":"LifeLog/lifelog_db/public/events — LifeLog"}}]}]}
2025-11-19 16:33:15,091 - core.sync_engine - WARNING - Failed to ingest item 487: 422 - {"detail":[{"type":"dict_type","loc":["body","payload"],"msg":"Input should be a valid dictionary","input":[{"source":"activitywatch","bucket_id":"aw-watcher-afk_Jaxons-MacBook-Air.local","bucket_type":"afkstatus","timestamp":"2025-11-20T00:30:45+00:00","duration":57.398,"data":{"status":"not-afk"}},{"source":"activitywatch","bucket_id":"aw-watcher-window_Jaxons-MacBook-Air.local","bucket_type":"currentwindow","timestamp":"2025-11-20T00:30:45+00:00","duration":57.34,"data":{"app":"Code","title":"LifeLog/lifelog_db/public/events — LifeLog"}},{"source":"activitywatch","bucket_id":"aw-watcher-web-firefox_Jaxons-MacBook-Air.local","bucket_type":"web.tab.current","timestamp":"2025-11-20T00:30:45+00:00","duration":9.931,"data":{"url":"https://aistudio.google.com/prompts/17WCF2X7wp4J8u644jVRW9M6s-b6e5ee-","title":"Google AI Studio","audible":false,"incognito":false,"tabCount":4}},{"source":"activitywatch","bucket_id":"aw-watcher-afk_Jaxons-MacBook-Air.local","bucket_type":"afkstatus","timestamp":"2025-11-20T00:31:45+00:00","duration":8.101,"data":{"status":"not-afk"}},{"source":"activitywatch","bucket_id":"aw-watcher-window_Jaxons-MacBook-Air.local","bucket_type":"currentwindow","timestamp":"2025-11-20T00:31:45+00:00","duration":7.338,"data":{"app":"Code","title":"LifeLog/lifelog_db/public/events — LifeLog"}},{"source":"activitywatch","bucket_id":"aw-watcher-web-firefox_Jaxons-MacBook-Air.local","bucket_type":"web.tab.current","timestamp":"2025-11-20T00:31:45+00:00","duration":9.976,"data":{"url":"https://aistudio.google.com/prompts/17WCF2X7wp4J8u644jVRW9M6s-b6e5ee-","title":"Google AI Studio","audible":false,"incognito":false,"tabCount":4}},{"source":"activitywatch","bucket_id":"aw-watcher-window_Jaxons-MacBook-Air.local","bucket_type":"currentwindow","timestamp":"2025-11-20T00:31:55+00:00","duration":7.34,"data":{"app":"Code","title":"LifeLog/lifelog_db/public/events — LifeLog"}},{"source":"activitywatch","bucket_id":"aw-watcher-afk_Jaxons-MacBook-Air.local","bucket_type":"afkstatus","timestamp":"2025-11-20T00:32:05+00:00","duration":0.089,"data":{"status":"not-afk"}},{"source":"activitywatch","bucket_id":"aw-watcher-window_Jaxons-MacBook-Air.local","bucket_type":"currentwindow","timestamp":"2025-11-20T00:32:05+00:00","duration":7.336,"data":{"app":"Code","title":"LifeLog/lifelog_db/public/events — LifeLog"}}]}]}
2025-11-19 16:33:15,106 - core.sync_engine - WARNING - Failed to ingest item 488: 422 - {"detail":[{"type":"dict_type","loc":["body","payload"],"msg":"Input should be a valid dictionary","input":[{"source":"activitywatch","bucket_id":"aw-watcher-afk_Jaxons-MacBook-Air.local","bucket_type":"afkstatus","timestamp":"2025-11-20T00:32:15+00:00","duration":8.137,"data":{"status":"not-afk"}},{"source":"activitywatch","bucket_id":"aw-watcher-window_Jaxons-MacBook-Air.local","bucket_type":"currentwindow","timestamp":"2025-11-20T00:32:15+00:00","duration":4.998,"data":{"app":"Code","title":"LifeLog/lifelog_db/public/events — LifeLog"}},{"source":"activitywatch","bucket_id":"aw-watcher-window_Jaxons-MacBook-Air.local","bucket_type":"currentwindow","timestamp":"2025-11-20T00:32:19.999000+00:00","duration":2.372,"data":{"app":"Code","title":"state.json — LifeLog"}},{"source":"activitywatch","bucket_id":"aw-watcher-window_Jaxons-MacBook-Air.local","bucket_type":"currentwindow","timestamp":"2025-11-20T00:32:22.371000+00:00","duration":0.0,"data":{"app":"Code","title":"LifeLog/lifelog_db/public/events — LifeLog"}},{"source":"activitywatch","bucket_id":"aw-watcher-window_Jaxons-MacBook-Air.local","bucket_type":"currentwindow","timestamp":"2025-11-20T00:32:22.372000+00:00","duration":0.0,"data":{"app":"Code","title":"LifeLog/lifelog_db/public/events — LifeLog"}},{"source":"activitywatch","bucket_id":"aw-watcher-window_Jaxons-MacBook-Air.local","bucket_type":"currentwindow","timestamp":"2025-11-20T00:32:25+00:00","duration":7.337,"data":{"app":"Code","title":"LifeLog/lifelog_db/public/events — LifeLog"}},{"source":"activitywatch","bucket_id":"aw-watcher-afk_Jaxons-MacBook-Air.local","bucket_type":"afkstatus","timestamp":"2025-11-20T00:32:35+00:00","duration":3.129,"data":{"status":"not-afk"}},{"source":"activitywatch","bucket_id":"aw-watcher-window_Jaxons-MacBook-Air.local","bucket_type":"currentwindow","timestamp":"2025-11-20T00:32:35+00:00","duration":7.333,"data":{"app":"Code","title":"LifeLog/lifelog_db/public/events — LifeLog"}}]}]}
2025-11-19 16:34:55,447 - __main__ - INFO - Performing initial extension sync...
2025-11-19 16:34:55,449 - core.extension_manager - INFO - Checking for extension updates...
2025-11-19 16:34:56,000 - core.extension_manager - INFO - Starting collectors...
2025-11-19 16:34:56,001 - core.extension_manager - INFO - Spawning collector for com.lifelog.aw: collector.py
2025-11-19 16:34:56,010 - core.extension_manager - INFO - Started monitoring thread for com.lifelog.aw
2025-11-19 16:34:56,011 - core.sync_engine - INFO - SyncEngine started.
2025-11-19 16:34:56,195 - core.sync_engine - INFO - Successfully synced 3 items.
2025-11-19 16:34:56,241 - __main__ - INFO - LifeLog Client started.
2025-11-19 16:35:56,345 - core.sync_engine - INFO - Successfully synced 1 items.
2025-11-19 16:36:26,470 - core.sync_engine - INFO - Successfully synced 1 items.
2025-11-19 16:36:56,564 - core.sync_engine - INFO - Successfully synced 1 items.
2025-11-19 16:37:26,657 - core.sync_engine - INFO - Successfully synced 1 items.
2025-11-19 16:37:56,748 - core.sync_engine - INFO - Successfully synced 1 items.
2025-11-19 16:38:26,878 - core.sync_engine - INFO - Successfully synced 1 items.
2025-11-19 16:38:57,050 - core.sync_engine - INFO - Successfully synced 1 items.
2025-11-19 16:39:27,146 - core.sync_engine - INFO - Successfully synced 1 items.
2025-11-19 17:14:08,932 - core.sync_engine - INFO - Successfully synced 2 items.
2025-11-19 17:19:50,991 - core.sync_engine - INFO - Successfully synced 2 items.
2025-11-19 17:20:21,669 - core.sync_engine - INFO - Successfully synced 1 items.
2025-11-19 17:20:51,758 - core.sync_engine - INFO - Successfully synced 1 items.
2025-11-19 17:21:48,490 - core.sync_engine - INFO - Successfully synced 2 items.
2025-11-19 17:23:46,573 - core.sync_engine - INFO - Successfully synced 1 items.
2025-11-19 17:24:16,741 - core.sync_engine - INFO - Successfully synced 1 items.
2025-11-19 17:24:46,863 - core.sync_engine - INFO - Successfully synced 1 items.
2025-11-19 17:25:16,987 - core.sync_engine - INFO - Successfully synced 1 items.
2025-11-19 17:25:47,078 - core.sync_engine - INFO - Successfully synced 1 items.
2025-11-19 17:26:17,200 - core.sync_engine - INFO - Successfully synced 1 items.
2025-11-19 17:26:47,299 - core.sync_engine - INFO - Successfully synced 1 items.
2025-11-19 17:27:17,390 - core.sync_engine - INFO - Successfully synced 1 items.
2025-11-19 17:27:47,505 - core.sync_engine - INFO - Successfully synced 1 items.
2025-11-19 17:28:17,628 - core.sync_engine - INFO - Successfully synced 1 items.
2025-11-19 17:28:47,711 - core.sync_engine - INFO - Successfully synced 1 items.
2025-11-19 17:29:17,832 - core.sync_engine - INFO - Successfully synced 1 items.
2025-11-19 17:29:47,899 - core.sync_engine - INFO - Successfully synced 1 items.
2025-11-19 17:30:18,023 - core.sync_engine - INFO - Successfully synced 1 items.
2025-11-19 17:30:48,099 - core.sync_engine - INFO - Successfully synced 1 items.
2025-11-19 17:31:18,164 - core.sync_engine - INFO - Successfully synced 1 items.
2025-11-19 17:31:48,255 - core.sync_engine - INFO - Successfully synced 1 items.
2025-11-19 17:32:18,392 - core.sync_engine - INFO - Successfully synced 1 items.
2025-11-19 17:32:48,514 - core.sync_engine - INFO - Successfully synced 1 items.
2025-11-19 17:33:18,640 - core.sync_engine - INFO - Successfully synced 1 items.
2025-11-19 17:33:48,782 - core.sync_engine - INFO - Successfully synced 1 items.
2025-11-19 17:34:18,900 - core.sync_engine - INFO - Successfully synced 1 items.
2025-11-19 17:34:48,994 - core.sync_engine - INFO - Successfully synced 1 items.
2025-11-19 17:35:19,116 - core.sync_engine - INFO - Successfully synced 1 items.
2025-11-19 17:35:49,224 - core.sync_engine - INFO - Successfully synced 1 items.
2025-11-19 17:36:19,331 - core.sync_engine - INFO - Successfully synced 1 items.
2025-11-19 17:36:49,433 - core.sync_engine - INFO - Successfully synced 1 items.
2025-11-19 17:37:19,537 - core.sync_engine - INFO - Successfully synced 1 items.
2025-11-19 17:37:49,739 - core.sync_engine - INFO - Successfully synced 1 items.
2025-11-19 17:38:19,875 - core.sync_engine - INFO - Successfully synced 1 items.
2025-11-19 17:38:50,006 - core.sync_engine - INFO - Successfully synced 1 items.
2025-11-19 17:39:20,105 - core.sync_engine - INFO - Successfully synced 1 items.
2025-11-19 17:39:50,207 - core.sync_engine - INFO - Successfully synced 1 items.
2025-11-19 17:40:20,359 - core.sync_engine - INFO - Successfully synced 1 items.
2025-11-19 17:40:50,479 - core.sync_engine - INFO - Successfully synced 1 items.
2025-11-19 17:41:20,565 - core.sync_engine - INFO - Successfully synced 1 items.
2025-11-19 17:41:50,674 - core.sync_engine - INFO - Successfully synced 1 items.
2025-11-19 17:42:20,777 - core.sync_engine - INFO - Successfully synced 1 items.
2025-11-19 17:42:50,853 - core.sync_engine - INFO - Successfully synced 1 items.
2025-11-19 17:43:20,946 - core.sync_engine - INFO - Successfully synced 1 items.
2025-11-19 17:43:51,038 - core.sync_engine - INFO - Successfully synced 1 items.
2025-11-19 17:44:21,159 - core.sync_engine - INFO - Successfully synced 1 items.
2025-11-19 17:44:51,251 - core.sync_engine - INFO - Successfully synced 1 items.
2025-11-19 17:52:43,182 - __main__ - INFO - Performing initial extension sync...
2025-11-19 17:52:43,183 - core.extension_manager - INFO - Checking for extension updates...
2025-11-19 17:52:43,272 - core.extension_manager - INFO - Starting collectors...
2025-11-19 17:52:43,278 - core.extension_manager - INFO - Spawning collector for com.lifelog.aw: collector.py
2025-11-19 17:52:43,291 - core.extension_manager - INFO - Started monitoring thread for com.lifelog.aw
2025-11-19 17:52:43,297 - core.sync_engine - INFO - SyncEngine started.
2025-11-19 17:52:43,395 - core.sync_engine - INFO - Successfully synced 1 items.
2025-11-19 17:52:43,608 - __main__ - INFO - LifeLog Client started.
2025-11-19 17:53:43,553 - core.sync_engine - INFO - Successfully synced 1 items.
2025-11-19 17:54:13,671 - core.sync_engine - INFO - Successfully synced 1 items.
2025-11-19 17:54:43,796 - core.sync_engine - INFO - Successfully synced 1 items.
2025-11-19 17:59:51,779 - __main__ - INFO - Performing initial extension sync...
2025-11-19 17:59:51,781 - core.extension_manager - INFO - Checking for extension updates...
2025-11-19 17:59:52,122 - core.extension_manager - INFO - Starting collectors...
2025-11-19 17:59:52,123 - core.extension_manager - INFO - Spawning collector for com.lifelog.aw: collector.py
2025-11-19 17:59:52,128 - core.extension_manager - INFO - Started monitoring thread for com.lifelog.aw
2025-11-19 17:59:52,129 - core.sync_engine - INFO - SyncEngine started.
2025-11-19 17:59:52,288 - core.sync_engine - INFO - Successfully synced 1 items.
2025-11-19 17:59:52,373 - __main__ - INFO - LifeLog Client started.
2025-11-19 18:00:52,513 - core.sync_engine - INFO - Successfully synced 1 items.
2025-11-19 18:01:22,701 - core.sync_engine - INFO - Successfully synced 1 items.
2025-11-19 18:01:52,860 - core.sync_engine - INFO - Successfully synced 1 items.
2025-11-19 18:02:22,969 - core.sync_engine - INFO - Successfully synced 1 items.
2025-11-19 18:02:53,090 - core.sync_engine - INFO - Successfully synced 1 items.
2025-11-19 18:03:23,198 - core.sync_engine - INFO - Successfully synced 1 items.
2025-11-19 18:03:53,292 - core.sync_engine - INFO - Successfully synced 1 items.
2025-11-19 18:05:23,494 - core.sync_engine - INFO - Successfully synced 1 items.
2025-11-19 18:05:53,788 - core.sync_engine - INFO - Successfully synced 1 items.
2025-11-19 18:06:23,935 - core.sync_engine - INFO - Successfully synced 1 items.
2025-11-19 18:06:54,037 - core.sync_engine - INFO - Successfully synced 1 items.
2025-11-19 18:07:24,408 - core.sync_engine - INFO - Successfully synced 1 items.
2025-11-19 18:07:54,918 - core.sync_engine - INFO - Successfully synced 1 items.
2025-11-19 18:08:55,107 - core.sync_engine - INFO - Successfully synced 1 items.
2025-11-19 18:09:25,260 - core.sync_engine - INFO - Successfully synced 1 items.
2025-11-19 18:09:55,376 - core.sync_engine - INFO - Successfully synced 1 items.
2025-11-19 18:11:25,661 - core.sync_engine - INFO - Successfully synced 1 items.
2025-11-19 18:11:55,779 - core.sync_engine - INFO - Successfully synced 1 items.
2025-11-19 18:12:25,897 - core.sync_engine - INFO - Successfully synced 1 items.
2025-11-19 18:13:11,872 - __main__ - INFO - Config file is at: /Users/jaxon/.lifelog/config.json
2025-11-19 18:13:26,024 - core.sync_engine - INFO - Successfully synced 1 items.
2025-11-19 18:13:56,217 - core.sync_engine - INFO - Successfully synced 1 items.
2025-11-19 18:14:26,323 - core.sync_engine - INFO - Successfully synced 1 items.
2025-11-19 18:14:56,439 - core.sync_engine - INFO - Successfully synced 1 items.
2025-11-19 18:15:26,618 - core.sync_engine - INFO - Successfully synced 1 items.
2025-11-19 18:15:56,758 - core.sync_engine - INFO - Successfully synced 1 items.
2025-11-19 18:16:26,865 - core.sync_engine - INFO - Successfully synced 1 items.
2025-11-19 18:16:56,996 - core.sync_engine - INFO - Successfully synced 1 items.
2025-11-19 18:17:27,123 - core.sync_engine - INFO - Successfully synced 1 items.
2025-11-19 18:23:10,948 - __main__ - INFO - Performing initial extension sync...
2025-11-19 18:23:10,950 - core.extension_manager - INFO - Checking for extension updates...
2025-11-19 18:23:11,266 - core.extension_manager - INFO - Starting collectors...
2025-11-19 18:23:11,266 - core.extension_manager - INFO - Spawning collector for com.lifelog.aw: collector.py
2025-11-19 18:23:11,272 - core.extension_manager - INFO - Started monitoring thread for com.lifelog.aw
2025-11-19 18:23:11,279 - core.sync_engine - INFO - SyncEngine started.
2025-11-19 18:23:11,582 - __main__ - INFO - LifeLog Client started.
2025-11-19 18:24:11,565 - core.sync_engine - INFO - Successfully synced 1 items.
2025-11-19 18:24:41,712 - core.sync_engine - INFO - Successfully synced 1 items.
2025-11-19 18:25:11,896 - core.sync_engine - INFO - Successfully synced 1 items.
2025-11-19 18:25:42,032 - core.sync_engine - INFO - Successfully synced 1 items.
2025-11-19 18:26:12,269 - core.sync_engine - INFO - Successfully synced 1 items.
2025-11-19 18:26:42,441 - core.sync_engine - INFO - Successfully synced 1 items.
2025-11-19 18:27:12,530 - core.sync_engine - INFO - Successfully synced 1 items.
2025-11-19 18:27:42,594 - core.sync_engine - INFO - Successfully synced 1 items.
2025-11-19 18:28:42,701 - core.sync_engine - INFO - Successfully synced 1 items.
2025-11-19 18:30:42,949 - core.sync_engine - INFO - Successfully synced 1 items.
2025-11-19 18:31:43,049 - core.sync_engine - INFO - Successfully synced 1 items.
2025-11-19 18:32:43,247 - core.sync_engine - INFO - Successfully synced 1 items.
2025-11-19 18:33:43,345 - core.sync_engine - INFO - Successfully synced 1 items.
2025-11-19 18:35:43,516 - core.sync_engine - INFO - Successfully synced 1 items.
2025-11-19 18:36:43,634 - core.sync_engine - INFO - Successfully synced 1 items.
2025-11-19 18:37:43,767 - core.sync_engine - INFO - Successfully synced 1 items.
2025-11-19 18:39:13,970 - core.sync_engine - INFO - Successfully synced 1 items.
2025-11-19 18:40:14,104 - core.sync_engine - INFO - Successfully synced 1 items.
2025-11-19 18:41:44,307 - core.sync_engine - INFO - Successfully synced 1 items.
2025-11-19 18:42:44,454 - core.sync_engine - INFO - Successfully synced 1 items.
2025-11-19 18:44:14,672 - core.sync_engine - INFO - Successfully synced 1 items.
2025-11-19 18:45:44,825 - core.sync_engine - INFO - Successfully synced 1 items.
2025-11-19 18:46:14,864 - core.sync_engine - INFO - Successfully synced 1 items.
2025-11-19 18:46:44,901 - core.sync_engine - INFO - Successfully synced 1 items.
2025-11-19 18:47:45,041 - core.sync_engine - INFO - Successfully synced 1 items.
2025-11-19 18:48:15,156 - core.sync_engine - INFO - Successfully synced 1 items.
2025-11-19 18:49:15,288 - core.sync_engine - INFO - Successfully synced 1 items.
2025-11-19 18:50:45,579 - core.sync_engine - INFO - Successfully synced 1 items.
2025-11-19 18:51:15,706 - core.sync_engine - INFO - Successfully synced 1 items.
2025-11-19 18:51:45,912 - core.sync_engine - INFO - Successfully synced 1 items.
2025-11-19 18:52:16,145 - core.sync_engine - INFO - Successfully synced 1 items.
2025-11-19 18:52:56,618 - core.sync_engine - INFO - Successfully synced 1 items.
2025-11-19 19:00:44,720 - core.sync_engine - INFO - Successfully synced 1 items.
2025-11-19 19:02:15,090 - core.sync_engine - INFO - Successfully synced 1 items.
2025-11-19 19:02:45,185 - core.sync_engine - INFO - Successfully synced 1 items.
2025-11-19 19:03:45,333 - core.sync_engine - INFO - Successfully synced 1 items.
2025-11-19 19:05:15,476 - core.sync_engine - INFO - Successfully synced 1 items.
2025-11-19 19:06:15,576 - core.sync_engine - INFO - Successfully synced 1 items.
2025-11-19 19:07:15,728 - core.sync_engine - INFO - Successfully synced 1 items.
2025-11-19 19:07:45,817 - core.sync_engine - INFO - Successfully synced 1 items.
2025-11-19 19:19:55,022 - __main__ - INFO - Performing initial extension sync...
2025-11-19 19:19:55,024 - core.extension_manager - INFO - Checking for extension updates...
2025-11-19 19:19:55,251 - core.extension_manager - INFO - Starting collectors...
2025-11-19 19:19:55,253 - core.extension_manager - INFO - Spawning collector for com.lifelog.aw: collector.py
2025-11-19 19:19:55,275 - core.extension_manager - INFO - Started monitoring thread for com.lifelog.aw
2025-11-19 19:19:55,276 - core.sync_engine - INFO - SyncEngine started.
2025-11-19 19:19:55,410 - __main__ - INFO - LifeLog Client started.
2025-11-19 19:19:55,440 - core.sync_engine - INFO - Successfully synced 1 items.
2025-11-19 19:20:55,558 - core.sync_engine - INFO - Successfully synced 1 items.
2025-11-19 19:22:25,822 - core.sync_engine - INFO - Successfully synced 1 items.
2025-11-19 19:22:55,945 - core.sync_engine - INFO - Successfully synced 1 items.
2025-11-19 19:23:26,053 - core.sync_engine - INFO - Successfully synced 1 items.
2025-11-19 19:24:26,224 - core.sync_engine - INFO - Successfully synced 1 items.
2025-11-19 19:26:26,497 - core.sync_engine - INFO - Successfully synced 1 items.
2025-11-19 19:26:56,634 - core.sync_engine - INFO - Successfully synced 1 items.
2025-11-19 19:27:26,828 - core.sync_engine - INFO - Successfully synced 1 items.
2025-11-19 19:27:56,920 - core.sync_engine - INFO - Successfully synced 1 items.
2025-11-19 19:28:27,047 - core.sync_engine - INFO - Successfully synced 1 items.
2025-11-19 19:28:57,169 - core.sync_engine - INFO - Successfully synced 1 items.
2025-11-19 19:29:27,293 - core.sync_engine - INFO - Successfully synced 1 items.
2025-11-19 19:29:58,444 - core.sync_engine - INFO - Successfully synced 1 items.
2025-11-19 19:30:28,630 - core.sync_engine - INFO - Successfully synced 1 items.
2025-11-19 19:31:11,916 - core.sync_engine - INFO - Successfully synced 1 items.
2025-11-19 19:32:55,844 - core.sync_engine - ERROR - Network error during ingest: HTTPConnectionPool(host='localhost', port=8000): Read timed out. (read timeout=10)
2025-11-19 19:49:07,196 - core.sync_engine - ERROR - Network error during ingest: HTTPConnectionPool(host='localhost', port=8000): Read timed out. (read timeout=10)
2025-11-19 19:49:47,195 - core.sync_engine - ERROR - Network error during ingest: HTTPConnectionPool(host='localhost', port=8000): Read timed out. (read timeout=10)
2025-11-19 19:50:27,207 - core.sync_engine - ERROR - Network error during ingest: HTTPConnectionPool(host='localhost', port=8000): Read timed out. (read timeout=10)
2025-11-19 19:51:07,217 - core.sync_engine - ERROR - Network error during ingest: HTTPConnectionPool(host='localhost', port=8000): Read timed out. (read timeout=10)
2025-11-19 19:51:47,255 - core.sync_engine - ERROR - Network error during ingest: HTTPConnectionPool(host='localhost', port=8000): Read timed out. (read timeout=10)
2025-11-19 19:52:27,269 - core.sync_engine - ERROR - Network error during ingest: HTTPConnectionPool(host='localhost', port=8000): Read timed out. (read timeout=10)
2025-11-19 19:53:07,284 - core.sync_engine - ERROR - Network error during ingest: HTTPConnectionPool(host='localhost', port=8000): Read timed out. (read timeout=10)
2025-11-19 19:53:47,298 - core.sync_engine - ERROR - Network error during ingest: HTTPConnectionPool(host='localhost', port=8000): Read timed out. (read timeout=10)
2025-11-19 19:54:27,310 - core.sync_engine - ERROR - Network error during ingest: HTTPConnectionPool(host='localhost', port=8000): Read timed out. (read timeout=10)
2025-11-19 19:55:07,328 - core.sync_engine - ERROR - Network error during ingest: HTTPConnectionPool(host='localhost', port=8000): Read timed out. (read timeout=10)
2025-11-19 19:55:47,345 - core.sync_engine - ERROR - Network error during ingest: HTTPConnectionPool(host='localhost', port=8000): Read timed out. (read timeout=10)
2025-11-19 19:56:27,363 - core.sync_engine - ERROR - Network error during ingest: HTTPConnectionPool(host='localhost', port=8000): Read timed out. (read timeout=10)
2025-11-19 19:57:07,382 - core.sync_engine - ERROR - Network error during ingest: HTTPConnectionPool(host='localhost', port=8000): Read timed out. (read timeout=10)
2025-11-19 19:57:47,402 - core.sync_engine - ERROR - Network error during ingest: HTTPConnectionPool(host='localhost', port=8000): Read timed out. (read timeout=10)
2025-11-19 19:58:27,415 - core.sync_engine - ERROR - Network error during ingest: HTTPConnectionPool(host='localhost', port=8000): Read timed out. (read timeout=10)
2025-11-19 19:59:07,429 - core.sync_engine - ERROR - Network error during ingest: HTTPConnectionPool(host='localhost', port=8000): Read timed out. (read timeout=10)
2025-11-19 19:59:47,444 - core.sync_engine - ERROR - Network error during ingest: HTTPConnectionPool(host='localhost', port=8000): Read timed out. (read timeout=10)
2025-11-19 20:00:24,786 - core.sync_engine - INFO - Successfully synced 15 items.
2025-11-19 20:00:54,888 - core.sync_engine - INFO - Successfully synced 1 items.
2025-11-19 20:01:25,041 - core.sync_engine - INFO - Successfully synced 1 items.
2025-11-19 20:02:25,158 - core.sync_engine - INFO - Successfully synced 1 items.
2025-11-19 20:03:25,264 - core.sync_engine - INFO - Successfully synced 1 items.
2025-11-19 20:03:55,319 - core.sync_engine - INFO - Successfully synced 1 items.
2025-11-19 20:04:25,503 - core.sync_engine - INFO - Successfully synced 1 items.
2025-11-19 20:04:55,588 - core.sync_engine - INFO - Successfully synced 1 items.
2025-11-19 20:05:25,647 - core.sync_engine - INFO - Successfully synced 1 items.
2025-11-19 20:06:25,766 - core.sync_engine - INFO - Successfully synced 1 items.
2025-11-19 20:06:55,876 - core.sync_engine - INFO - Successfully synced 1 items.
2025-11-19 20:07:25,989 - core.sync_engine - INFO - Successfully synced 1 items.
2025-11-19 20:07:56,064 - core.sync_engine - INFO - Successfully synced 1 items.
2025-11-19 20:08:26,124 - core.sync_engine - INFO - Successfully synced 1 items.
2025-11-19 20:08:56,208 - core.sync_engine - INFO - Successfully synced 1 items.
2025-11-19 20:09:26,260 - core.sync_engine - INFO - Successfully synced 1 items.
2025-11-19 20:10:26,404 - core.sync_engine - INFO - Successfully synced 1 items.
2025-11-19 20:12:56,550 - core.sync_engine - INFO - Successfully synced 1 items.
2025-11-19 20:15:26,724 - core.sync_engine - INFO - Successfully synced 1 items.
2025-11-19 20:16:26,852 - core.sync_engine - INFO - Successfully synced 1 items.
2025-11-19 20:17:26,966 - core.sync_engine - INFO - Successfully synced 1 items.
2025-11-19 20:18:27,073 - core.sync_engine - INFO - Successfully synced 1 items.
2025-11-19 20:18:57,128 - core.sync_engine - INFO - Successfully synced 1 items.
2025-11-19 20:19:57,229 - core.sync_engine - INFO - Successfully synced 1 items.
2025-11-19 20:20:27,288 - core.sync_engine - INFO - Successfully synced 1 items.
2025-11-19 20:21:27,410 - core.sync_engine - INFO - Successfully synced 1 items.
2025-11-19 20:21:57,484 - core.sync_engine - INFO - Successfully synced 1 items.
2025-11-19 20:22:57,605 - core.sync_engine - INFO - Successfully synced 1 items.
2025-11-19 20:23:57,745 - core.sync_engine - INFO - Successfully synced 1 items.
2025-11-19 20:25:57,857 - core.sync_engine - INFO - Successfully synced 1 items.
2025-11-19 20:26:27,919 - core.sync_engine - INFO - Successfully synced 1 items.
2025-11-19 20:26:57,991 - core.sync_engine - INFO - Successfully synced 1 items.
2025-11-19 20:27:58,041 - core.sync_engine - INFO - Successfully synced 1 items.
2025-11-19 20:28:58,123 - core.sync_engine - INFO - Successfully synced 1 items.
2025-11-19 20:29:28,165 - core.sync_engine - INFO - Successfully synced 1 items.
2025-11-19 20:30:28,363 - core.sync_engine - INFO - Successfully synced 1 items.
2025-11-19 20:31:28,651 - core.sync_engine - INFO - Successfully synced 1 items.
2025-11-19 20:31:58,756 - core.sync_engine - INFO - Successfully synced 1 items.
2025-11-19 20:32:28,880 - core.sync_engine - INFO - Successfully synced 1 items.
2025-11-19 20:33:27,063 - core.sync_engine - INFO - Successfully synced 1 items.
2025-11-19 20:33:57,182 - core.sync_engine - INFO - Successfully synced 1 items.
2025-11-19 20:36:38,661 - core.sync_engine - ERROR - Network error during ingest: HTTPConnectionPool(host='localhost', port=8000): Read timed out. (read timeout=10)
2025-11-19 20:40:11,379 - core.sync_engine - ERROR - Network error during ingest: HTTPConnectionPool(host='localhost', port=8000): Read timed out. (read timeout=10)
2025-11-19 20:45:18,878 - core.sync_engine - ERROR - Network error during ingest: HTTPConnectionPool(host='localhost', port=8000): Read timed out. (read timeout=10)
2025-11-19 20:45:58,898 - core.sync_engine - ERROR - Network error during ingest: HTTPConnectionPool(host='localhost', port=8000): Read timed out. (read timeout=10)
2025-11-19 20:46:38,909 - core.sync_engine - ERROR - Network error during ingest: HTTPConnectionPool(host='localhost', port=8000): Read timed out. (read timeout=10)
2025-11-19 20:47:18,925 - core.sync_engine - ERROR - Network error during ingest: HTTPConnectionPool(host='localhost', port=8000): Read timed out. (read timeout=10)
2025-11-19 20:47:58,949 - core.sync_engine - ERROR - Network error during ingest: HTTPConnectionPool(host='localhost', port=8000): Read timed out. (read timeout=10)
2025-11-19 20:53:41,756 - core.sync_engine - INFO - Successfully synced 7 items.
2025-11-19 20:54:11,872 - core.sync_engine - INFO - Successfully synced 1 items.
2025-11-19 20:54:42,057 - core.sync_engine - INFO - Successfully synced 1 items.
2025-11-19 20:55:12,154 - core.sync_engine - INFO - Successfully synced 1 items.
2025-11-19 20:56:12,263 - core.sync_engine - INFO - Successfully synced 1 items.
2025-11-19 20:56:42,345 - core.sync_engine - INFO - Successfully synced 1 items.
2025-11-19 20:57:12,421 - core.sync_engine - INFO - Successfully synced 1 items.
2025-11-19 20:57:42,540 - core.sync_engine - INFO - Successfully synced 1 items.
2025-11-19 20:58:12,653 - core.sync_engine - INFO - Successfully synced 1 items.
2025-11-19 20:59:12,762 - core.sync_engine - INFO - Successfully synced 1 items.
2025-11-19 21:00:42,928 - core.sync_engine - INFO - Successfully synced 1 items.
2025-11-19 21:01:13,137 - core.sync_engine - INFO - Successfully synced 1 items.
2025-11-19 21:01:43,225 - core.sync_engine - INFO - Successfully synced 1 items.
2025-11-19 21:02:13,325 - core.sync_engine - INFO - Successfully synced 1 items.
2025-11-19 21:03:43,433 - core.sync_engine - INFO - Successfully synced 1 items.
2025-11-19 21:04:13,497 - core.sync_engine - INFO - Successfully synced 1 items.
2025-11-19 21:05:13,586 - core.sync_engine - INFO - Successfully synced 1 items.
2025-11-19 21:06:13,679 - core.sync_engine - INFO - Successfully synced 1 items.
2025-11-19 21:06:43,730 - core.sync_engine - INFO - Successfully synced 1 items.
2025-11-19 21:09:13,874 - core.sync_engine - INFO - Successfully synced 1 items.
2025-11-19 21:09:43,914 - core.sync_engine - INFO - Successfully synced 1 items.
2025-11-19 21:13:44,056 - core.sync_engine - INFO - Successfully synced 1 items.
2025-11-19 21:14:44,163 - core.sync_engine - INFO - Successfully synced 1 items.
2025-11-19 21:15:44,297 - core.sync_engine - INFO - Successfully synced 1 items.
2025-11-19 21:16:14,368 - core.sync_engine - INFO - Successfully synced 1 items.
2025-11-19 21:16:44,491 - core.sync_engine - INFO - Successfully synced 1 items.
2025-11-19 21:17:14,637 - core.sync_engine - INFO - Successfully synced 1 items.
2025-11-19 21:17:44,687 - core.sync_engine - INFO - Successfully synced 1 items.
2025-11-19 21:18:44,832 - core.sync_engine - INFO - Successfully synced 1 items.
2025-11-19 21:19:14,919 - core.sync_engine - INFO - Successfully synced 1 items.
2025-11-19 21:19:45,009 - core.sync_engine - INFO - Successfully synced 1 items.
2025-11-19 21:20:45,102 - core.sync_engine - INFO - Successfully synced 1 items.
2025-11-19 21:21:45,240 - core.sync_engine - INFO - Successfully synced 1 items.
2025-11-19 21:22:15,405 - core.sync_engine - INFO - Successfully synced 1 items.
2025-11-19 21:23:15,518 - core.sync_engine - INFO - Successfully synced 1 items.
2025-11-19 21:23:45,609 - core.sync_engine - INFO - Successfully synced 1 items.
2025-11-19 21:24:15,732 - core.sync_engine - INFO - Successfully synced 1 items.
2025-11-19 21:24:45,822 - core.sync_engine - INFO - Successfully synced 1 items.
2025-11-19 21:25:45,937 - core.sync_engine - INFO - Successfully synced 1 items.
2025-11-19 21:27:16,090 - core.sync_engine - INFO - Successfully synced 1 items.
2025-11-19 21:27:46,200 - core.sync_engine - INFO - Successfully synced 1 items.
2025-11-19 21:28:16,304 - core.sync_engine - INFO - Successfully synced 1 items.
2025-11-19 21:28:46,451 - core.sync_engine - INFO - Successfully synced 1 items.
2025-11-19 21:29:16,528 - core.sync_engine - INFO - Successfully synced 1 items.
2025-11-19 21:30:16,661 - core.sync_engine - INFO - Successfully synced 1 items.
2025-11-19 21:31:16,766 - core.sync_engine - INFO - Successfully synced 1 items.
2025-11-19 21:32:46,870 - core.sync_engine - INFO - Successfully synced 1 items.
2025-11-19 21:33:16,954 - core.sync_engine - INFO - Successfully synced 1 items.
2025-11-19 21:34:17,068 - core.sync_engine - INFO - Successfully synced 1 items.
2025-11-19 21:35:47,195 - core.sync_engine - INFO - Successfully synced 1 items.
2025-11-19 21:36:17,296 - core.sync_engine - INFO - Successfully synced 1 items.
2025-11-19 21:36:47,391 - core.sync_engine - INFO - Successfully synced 1 items.
2025-11-19 21:37:17,467 - core.sync_engine - INFO - Successfully synced 1 items.
2025-11-19 21:38:17,587 - core.sync_engine - INFO - Successfully synced 1 items.
2025-11-19 21:38:47,695 - core.sync_engine - INFO - Successfully synced 1 items.
2025-11-19 21:39:17,748 - core.sync_engine - INFO - Successfully synced 1 items.
2025-11-19 21:41:47,911 - core.sync_engine - INFO - Successfully synced 1 items.
2025-11-19 21:43:18,020 - core.sync_engine - INFO - Successfully synced 1 items.
2025-11-19 21:44:18,138 - core.sync_engine - INFO - Successfully synced 1 items.
2025-11-19 21:45:18,228 - core.sync_engine - INFO - Successfully synced 1 items.
2025-11-19 21:45:48,325 - core.sync_engine - INFO - Successfully synced 1 items.
2025-11-19 21:46:18,370 - core.sync_engine - INFO - Successfully synced 1 items.
2025-11-19 21:47:18,517 - core.sync_engine - INFO - Successfully synced 1 items.
2025-11-19 21:47:48,607 - core.sync_engine - INFO - Successfully synced 1 items.
2025-11-19 21:48:18,706 - core.sync_engine - INFO - Successfully synced 1 items.
2025-11-19 21:48:48,790 - core.sync_engine - INFO - Successfully synced 1 items.
2025-11-19 21:49:18,861 - core.sync_engine - INFO - Successfully synced 1 items.
2025-11-19 21:50:18,933 - core.sync_engine - INFO - Successfully synced 1 items.
2025-11-19 21:50:49,021 - core.sync_engine - INFO - Successfully synced 1 items.
2025-11-19 21:52:49,138 - core.sync_engine - INFO - Successfully synced 1 items.
2025-11-19 21:53:19,248 - core.sync_engine - INFO - Successfully synced 1 items.
2025-11-19 21:53:49,391 - core.sync_engine - INFO - Successfully synced 1 items.
2025-11-19 21:54:19,501 - core.sync_engine - INFO - Successfully synced 1 items.
2025-11-19 21:55:49,737 - core.sync_engine - INFO - Successfully synced 1 items.
2025-11-19 21:56:19,825 - core.sync_engine - INFO - Successfully synced 1 items.
2025-11-19 21:57:49,966 - core.sync_engine - INFO - Successfully synced 1 items.
2025-11-19 21:58:20,009 - core.sync_engine - INFO - Successfully synced 1 items.
2025-11-19 21:58:50,110 - core.sync_engine - INFO - Successfully synced 1 items.
2025-11-19 21:59:50,238 - core.sync_engine - INFO - Successfully synced 1 items.
2025-11-19 22:00:50,334 - core.sync_engine - INFO - Successfully synced 1 items.
2025-11-19 22:01:20,419 - core.sync_engine - INFO - Successfully synced 1 items.
2025-11-19 22:02:20,542 - core.sync_engine - INFO - Successfully synced 1 items.
2025-11-19 22:03:20,693 - core.sync_engine - INFO - Successfully synced 1 items.
2025-11-19 22:03:50,821 - core.sync_engine - INFO - Successfully synced 1 items.
2025-11-19 22:04:51,176 - core.sync_engine - INFO - Successfully synced 1 items.
2025-11-19 22:05:21,317 - core.sync_engine - INFO - Successfully synced 1 items.
2025-11-19 22:05:51,438 - core.sync_engine - INFO - Successfully synced 1 items.
2025-11-19 22:06:51,650 - core.sync_engine - INFO - Successfully synced 1 items.
2025-11-19 22:07:51,780 - core.sync_engine - INFO - Successfully synced 1 items.
2025-11-19 22:08:21,882 - core.sync_engine - INFO - Successfully synced 1 items.
2025-11-19 22:09:22,333 - core.sync_engine - INFO - Successfully synced 1 items.
2025-11-19 22:09:59,345 - core.sync_engine - INFO - Successfully synced 1 items.
2025-11-19 22:10:29,528 - core.sync_engine - INFO - Successfully synced 1 items.
2025-11-19 22:11:29,794 - core.sync_engine - INFO - Successfully synced 1 items.
2025-11-19 22:11:59,898 - core.sync_engine - INFO - Successfully synced 1 items.
2025-11-19 22:13:00,080 - core.sync_engine - INFO - Successfully synced 1 items.
2025-11-19 22:14:00,193 - core.sync_engine - INFO - Successfully synced 1 items.
2025-11-19 22:15:00,392 - core.sync_engine - INFO - Successfully synced 1 items.
2025-11-19 22:16:30,566 - core.sync_engine - INFO - Successfully synced 1 items.
2025-11-19 22:17:31,069 - core.sync_engine - INFO - Successfully synced 1 items.
2025-11-19 22:18:01,282 - core.sync_engine - INFO - Successfully synced 1 items.
2025-11-19 22:18:31,495 - core.sync_engine - INFO - Successfully synced 1 items.
2025-11-19 22:19:01,615 - core.sync_engine - INFO - Successfully synced 1 items.
2025-11-19 22:19:31,699 - core.sync_engine - INFO - Successfully synced 1 items.
2025-11-19 22:20:01,832 - core.sync_engine - INFO - Successfully synced 1 items.
2025-11-19 22:20:31,972 - core.sync_engine - INFO - Successfully synced 1 items.
2025-11-19 22:21:02,096 - core.sync_engine - INFO - Successfully synced 1 items.
2025-11-19 22:21:32,217 - core.sync_engine - INFO - Successfully synced 1 items.
2025-11-19 22:22:02,359 - core.sync_engine - INFO - Successfully synced 1 items.
2025-11-19 22:22:32,475 - core.sync_engine - INFO - Successfully synced 1 items.
2025-11-19 22:23:02,622 - core.sync_engine - INFO - Successfully synced 1 items.
2025-11-19 22:25:32,976 - core.sync_engine - INFO - Successfully synced 1 items.
2025-11-19 22:27:03,299 - core.sync_engine - INFO - Successfully synced 1 items.
2025-11-19 22:27:33,406 - core.sync_engine - INFO - Successfully synced 1 items.
2025-11-19 22:28:03,558 - core.sync_engine - INFO - Successfully synced 1 items.
2025-11-19 22:28:33,790 - core.sync_engine - INFO - Successfully synced 1 items.
2025-11-19 22:29:03,904 - core.sync_engine - INFO - Successfully synced 1 items.
2025-11-19 22:29:34,013 - core.sync_engine - INFO - Successfully synced 1 items.
2025-11-19 22:30:34,434 - core.sync_engine - INFO - Successfully synced 1 items.
2025-11-19 22:31:06,291 - core.sync_engine - INFO - Successfully synced 1 items.
2025-11-19 22:32:06,388 - core.sync_engine - INFO - Successfully synced 1 items.
2025-11-19 22:32:36,547 - core.sync_engine - INFO - Successfully synced 1 items.
2025-11-19 22:33:06,682 - core.sync_engine - INFO - Successfully synced 1 items.
2025-11-19 22:34:36,794 - core.sync_engine - INFO - Successfully synced 1 items.
2025-11-19 22:35:06,922 - core.sync_engine - INFO - Successfully synced 1 items.
2025-11-19 22:35:37,017 - core.sync_engine - INFO - Successfully synced 1 items.
2025-11-19 22:37:37,185 - core.sync_engine - INFO - Successfully synced 1 items.
2025-11-19 22:38:07,281 - core.sync_engine - INFO - Successfully synced 1 items.
2025-11-19 22:39:07,593 - core.sync_engine - INFO - Successfully synced 1 items.
2025-11-19 22:39:38,013 - core.sync_engine - INFO - Successfully synced 1 items.
2025-11-19 22:40:08,165 - core.sync_engine - INFO - Successfully synced 1 items.
2025-11-19 22:40:40,031 - core.sync_engine - INFO - Successfully synced 1 items.
2025-11-19 22:41:10,200 - core.sync_engine - INFO - Successfully synced 1 items.
2025-11-19 22:41:40,354 - core.sync_engine - INFO - Successfully synced 1 items.
2025-11-19 22:42:10,447 - core.sync_engine - INFO - Successfully synced 1 items.
2025-11-19 22:43:40,650 - core.sync_engine - INFO - Successfully synced 1 items.
2025-11-19 22:44:10,750 - core.sync_engine - INFO - Successfully synced 1 items.
2025-11-19 22:44:40,843 - core.sync_engine - INFO - Successfully synced 1 items.
2025-11-19 22:45:41,058 - core.sync_engine - INFO - Successfully synced 1 items.
2025-11-19 22:46:11,158 - core.sync_engine - INFO - Successfully synced 1 items.
2025-11-19 22:46:41,280 - core.sync_engine - INFO - Successfully synced 1 items.
2025-11-19 22:47:21,311 - core.sync_engine - ERROR - Network error during ingest: HTTPConnectionPool(host='localhost', port=8000): Read timed out. (read timeout=10)
2025-11-19 22:47:53,881 - core.sync_engine - INFO - Successfully synced 1 items.
2025-11-19 22:49:55,895 - core.sync_engine - INFO - Successfully synced 1 items.
2025-11-19 22:51:23,859 - core.sync_engine - INFO - Successfully synced 2 items.
2025-11-19 22:51:53,973 - core.sync_engine - INFO - Successfully synced 1 items.
2025-11-19 23:07:40,423 - core.sync_engine - ERROR - Network error during ingest: HTTPConnectionPool(host='localhost', port=8000): Read timed out. (read timeout=10)
2025-11-19 23:08:20,468 - core.sync_engine - ERROR - Network error during ingest: HTTPConnectionPool(host='localhost', port=8000): Read timed out. (read timeout=10)
2025-11-19 23:09:00,485 - core.sync_engine - ERROR - Network error during ingest: HTTPConnectionPool(host='localhost', port=8000): Read timed out. (read timeout=10)
2025-11-19 23:09:40,513 - core.sync_engine - ERROR - Network error during ingest: HTTPConnectionPool(host='localhost', port=8000): Read timed out. (read timeout=10)
2025-11-19 23:10:20,579 - core.sync_engine - ERROR - Network error during ingest: HTTPConnectionPool(host='localhost', port=8000): Read timed out. (read timeout=10)
2025-11-19 23:11:00,599 - core.sync_engine - ERROR - Network error during ingest: HTTPConnectionPool(host='localhost', port=8000): Read timed out. (read timeout=10)
2025-11-19 23:11:40,612 - core.sync_engine - ERROR - Network error during ingest: HTTPConnectionPool(host='localhost', port=8000): Read timed out. (read timeout=10)
2025-11-19 23:12:20,630 - core.sync_engine - ERROR - Network error during ingest: HTTPConnectionPool(host='localhost', port=8000): Read timed out. (read timeout=10)
2025-11-19 23:13:00,645 - core.sync_engine - ERROR - Network error during ingest: HTTPConnectionPool(host='localhost', port=8000): Read timed out. (read timeout=10)
2025-11-19 23:13:40,668 - core.sync_engine - ERROR - Network error during ingest: HTTPConnectionPool(host='localhost', port=8000): Read timed out. (read timeout=10)
2025-11-19 23:14:20,687 - core.sync_engine - ERROR - Network error during ingest: HTTPConnectionPool(host='localhost', port=8000): Read timed out. (read timeout=10)
2025-11-19 23:15:00,708 - core.sync_engine - ERROR - Network error during ingest: HTTPConnectionPool(host='localhost', port=8000): Read timed out. (read timeout=10)
2025-11-19 23:15:40,726 - core.sync_engine - ERROR - Network error during ingest: HTTPConnectionPool(host='localhost', port=8000): Read timed out. (read timeout=10)
2025-11-19 23:16:20,736 - core.sync_engine - ERROR - Network error during ingest: HTTPConnectionPool(host='localhost', port=8000): Read timed out. (read timeout=10)
2025-11-19 23:17:00,763 - core.sync_engine - ERROR - Network error during ingest: HTTPConnectionPool(host='localhost', port=8000): Read timed out. (read timeout=10)
2025-11-19 23:17:40,794 - core.sync_engine - ERROR - Network error during ingest: HTTPConnectionPool(host='localhost', port=8000): Read timed out. (read timeout=10)
2025-11-19 23:18:20,826 - core.sync_engine - ERROR - Network error during ingest: HTTPConnectionPool(host='localhost', port=8000): Read timed out. (read timeout=10)
2025-11-19 23:19:00,840 - core.sync_engine - ERROR - Network error during ingest: HTTPConnectionPool(host='localhost', port=8000): Read timed out. (read timeout=10)
2025-11-19 23:19:40,861 - core.sync_engine - ERROR - Network error during ingest: HTTPConnectionPool(host='localhost', port=8000): Read timed out. (read timeout=10)
2025-11-19 23:20:20,883 - core.sync_engine - ERROR - Network error during ingest: HTTPConnectionPool(host='localhost', port=8000): Read timed out. (read timeout=10)
2025-11-19 23:21:00,906 - core.sync_engine - ERROR - Network error during ingest: HTTPConnectionPool(host='localhost', port=8000): Read timed out. (read timeout=10)
2025-11-19 23:21:40,927 - core.sync_engine - ERROR - Network error during ingest: HTTPConnectionPool(host='localhost', port=8000): Read timed out. (read timeout=10)
2025-11-19 23:22:20,948 - core.sync_engine - ERROR - Network error during ingest: HTTPConnectionPool(host='localhost', port=8000): Read timed out. (read timeout=10)
2025-11-19 23:23:00,967 - core.sync_engine - ERROR - Network error during ingest: HTTPConnectionPool(host='localhost', port=8000): Read timed out. (read timeout=10)
2025-11-20 10:11:24,408 - __main__ - INFO - Performing initial extension sync...
2025-11-20 10:11:24,410 - core.extension_manager - INFO - Checking for extension updates...
2025-11-20 10:11:24,663 - __main__ - INFO - LifeLog Client started.
2025-11-20 10:11:24,750 - core.extension_manager - INFO - Starting collectors...
2025-11-20 10:11:24,751 - core.extension_manager - INFO - Spawning collector for com.lifelog.aw: collector.py
2025-11-20 10:11:24,755 - core.extension_manager - INFO - Started monitoring thread for com.lifelog.aw
2025-11-20 10:11:24,755 - core.sync_engine - INFO - SyncEngine started.
2025-11-20 10:11:25,023 - core.sync_engine - INFO - Successfully synced 17 items.
2025-11-20 10:11:31,895 - __main__ - INFO - Manual sync triggered
2025-11-20 10:11:31,985 - core.sync_engine - INFO - Successfully synced 1 items.
2025-11-20 10:12:25,201 - core.sync_engine - INFO - Successfully synced 1 items.
2025-11-20 10:12:55,312 - core.sync_engine - INFO - Successfully synced 1 items.
2025-11-20 10:13:25,541 - core.sync_engine - INFO - Successfully synced 1 items.
2025-11-20 10:13:55,773 - core.sync_engine - INFO - Successfully synced 1 items.
2025-11-20 10:14:25,931 - core.sync_engine - INFO - Successfully synced 1 items.
2025-11-20 10:14:56,222 - core.sync_engine - INFO - Successfully synced 1 items.
2025-11-20 10:15:26,372 - core.sync_engine - INFO - Successfully synced 1 items.
2025-11-20 10:15:56,476 - core.sync_engine - INFO - Successfully synced 1 items.
2025-11-20 10:16:26,580 - core.sync_engine - INFO - Successfully synced 1 items.
2025-11-20 10:16:56,760 - core.sync_engine - INFO - Successfully synced 1 items.
2025-11-20 10:17:26,922 - core.sync_engine - INFO - Successfully synced 1 items.
2025-11-20 10:17:57,237 - core.sync_engine - INFO - Successfully synced 1 items.
2025-11-20 10:18:27,714 - core.sync_engine - INFO - Successfully synced 1 items.
2025-11-20 10:18:57,820 - core.sync_engine - INFO - Successfully synced 1 items.
2025-11-20 10:19:27,960 - core.sync_engine - INFO - Successfully synced 1 items.
2025-11-20 10:19:58,102 - core.sync_engine - INFO - Successfully synced 1 items.
2025-11-20 10:20:28,168 - core.sync_engine - INFO - Successfully synced 1 items.
2025-11-20 10:20:58,265 - core.sync_engine - INFO - Successfully synced 1 items.
2025-11-20 10:21:28,338 - core.sync_engine - INFO - Successfully synced 1 items.
2025-11-20 10:22:58,477 - core.sync_engine - INFO - Successfully synced 1 items.
2025-11-20 10:23:58,561 - core.sync_engine - INFO - Successfully synced 1 items.
2025-11-20 10:24:28,632 - core.sync_engine - INFO - Successfully synced 1 items.
2025-11-20 10:24:58,682 - core.sync_engine - INFO - Successfully synced 1 items.
2025-11-20 10:25:28,770 - core.sync_engine - INFO - Successfully synced 1 items.
2025-11-20 10:25:58,899 - core.sync_engine - INFO - Successfully synced 1 items.
2025-11-20 10:26:59,019 - core.sync_engine - INFO - Successfully synced 1 items.
2025-11-20 10:27:29,082 - core.sync_engine - INFO - Successfully synced 1 items.
2025-11-20 10:28:59,196 - core.sync_engine - INFO - Successfully synced 1 items.
2025-11-20 10:29:59,310 - core.sync_engine - INFO - Successfully synced 1 items.
2025-11-20 10:30:59,475 - core.sync_engine - INFO - Successfully synced 1 items.
2025-11-20 10:31:29,661 - core.sync_engine - INFO - Successfully synced 1 items.
2025-11-20 10:31:59,745 - core.sync_engine - INFO - Successfully synced 1 items.
2025-11-20 10:38:30,780 - core.sync_engine - INFO - Successfully synced 1 items.
2025-11-20 10:49:57,841 - core.sync_engine - ERROR - Network error during ingest: HTTPConnectionPool(host='localhost', port=8000): Read timed out. (read timeout=10)
2025-11-20 10:52:27,967 - core.sync_engine - ERROR - Network error during ingest: HTTPConnectionPool(host='localhost', port=8000): Read timed out. (read timeout=10)
2025-11-20 10:55:44,031 - core.sync_engine - ERROR - Network error during ingest: HTTPConnectionPool(host='localhost', port=8000): Read timed out. (read timeout=10)
2025-11-20 10:56:24,056 - core.sync_engine - ERROR - Network error during ingest: HTTPConnectionPool(host='localhost', port=8000): Read timed out. (read timeout=10)
2025-11-20 10:57:38,904 - core.sync_engine - ERROR - Network error during ingest: HTTPConnectionPool(host='localhost', port=8000): Read timed out. (read timeout=10)
2025-11-20 11:07:21,502 - core.sync_engine - ERROR - Network error during ingest: HTTPConnectionPool(host='localhost', port=8000): Read timed out. (read timeout=10)
2025-11-20 11:12:53,594 - core.sync_engine - ERROR - Network error during ingest: HTTPConnectionPool(host='localhost', port=8000): Read timed out. (read timeout=10)
2025-11-20 11:14:36,801 - core.sync_engine - ERROR - Network error during ingest: HTTPConnectionPool(host='localhost', port=8000): Read timed out. (read timeout=10)
2025-11-20 11:15:36,370 - core.sync_engine - ERROR - Network error during ingest: HTTPConnectionPool(host='localhost', port=8000): Read timed out. (read timeout=10)
2025-11-20 11:16:38,872 - core.sync_engine - ERROR - Network error during ingest: HTTPConnectionPool(host='localhost', port=8000): Read timed out. (read timeout=10)
2025-11-20 11:17:18,895 - core.sync_engine - ERROR - Network error during ingest: HTTPConnectionPool(host='localhost', port=8000): Read timed out. (read timeout=10)
2025-11-20 11:29:54,676 - core.sync_engine - ERROR - Network error during ingest: HTTPConnectionPool(host='localhost', port=8000): Read timed out. (read timeout=10)
2025-11-20 12:29:55,116 - core.sync_engine - ERROR - Network error during ingest: HTTPConnectionPool(host='localhost', port=8000): Read timed out. (read timeout=10)
2025-11-20 12:30:57,476 - core.sync_engine - ERROR - Network error during ingest: HTTPConnectionPool(host='localhost', port=8000): Read timed out. (read timeout=10)
2025-11-20 12:31:37,496 - core.sync_engine - ERROR - Network error during ingest: HTTPConnectionPool(host='localhost', port=8000): Read timed out. (read timeout=10)
2025-11-20 12:33:49,440 - core.sync_engine - ERROR - Network error during ingest: HTTPConnectionPool(host='localhost', port=8000): Read timed out. (read timeout=10)
2025-11-20 12:43:10,018 - core.sync_engine - ERROR - Network error during ingest: HTTPConnectionPool(host='localhost', port=8000): Read timed out. (read timeout=10)
2025-11-20 12:58:00,336 - core.sync_engine - ERROR - Network error during ingest: HTTPConnectionPool(host='localhost', port=8000): Read timed out. (read timeout=10)
2025-11-20 13:02:04,610 - core.sync_engine - ERROR - Network error during ingest: HTTPConnectionPool(host='localhost', port=8000): Read timed out. (read timeout=10)
2025-11-20 13:03:48,863 - core.sync_engine - ERROR - Network error during ingest: HTTPConnectionPool(host='localhost', port=8000): Read timed out. (read timeout=10)
2025-11-20 13:15:19,201 - core.sync_engine - ERROR - Network error during ingest: HTTPConnectionPool(host='localhost', port=8000): Read timed out. (read timeout=10)
2025-11-20 13:15:59,224 - core.sync_engine - ERROR - Network error during ingest: HTTPConnectionPool(host='localhost', port=8000): Read timed out. (read timeout=10)
2025-11-20 13:34:42,108 - core.sync_engine - ERROR - Network error during ingest: HTTPConnectionPool(host='localhost', port=8000): Read timed out. (read timeout=10)
2025-11-20 13:51:12,412 - core.sync_engine - ERROR - Network error during ingest: HTTPConnectionPool(host='localhost', port=8000): Read timed out. (read timeout=10)
2025-11-20 14:00:59,407 - core.sync_engine - ERROR - Network error during ingest: HTTPConnectionPool(host='localhost', port=8000): Read timed out. (read timeout=10)
2025-11-20 14:08:45,999 - core.sync_engine - ERROR - Network error during ingest: HTTPConnectionPool(host='localhost', port=8000): Read timed out. (read timeout=10)
2025-11-20 14:12:24,535 - core.sync_engine - ERROR - Network error during ingest: HTTPConnectionPool(host='localhost', port=8000): Read timed out. (read timeout=10)
2025-11-20 14:13:04,553 - core.sync_engine - ERROR - Network error during ingest: HTTPConnectionPool(host='localhost', port=8000): Read timed out. (read timeout=10)
2025-11-20 14:15:22,949 - core.sync_engine - ERROR - Network error during ingest: HTTPConnectionPool(host='localhost', port=8000): Read timed out. (read timeout=10)
2025-11-20 14:21:01,180 - core.sync_engine - ERROR - Network error during ingest: HTTPConnectionPool(host='localhost', port=8000): Read timed out. (read timeout=10)
2025-11-20 14:22:11,882 - core.sync_engine - ERROR - Network error during ingest: HTTPConnectionPool(host='localhost', port=8000): Read timed out. (read timeout=10)
2025-11-20 14:23:07,147 - core.sync_engine - ERROR - Network error during ingest: HTTPConnectionPool(host='localhost', port=8000): Read timed out. (read timeout=10)
2025-11-20 14:26:09,386 - core.sync_engine - ERROR - Network error during ingest: HTTPConnectionPool(host='localhost', port=8000): Read timed out. (read timeout=10)
2025-11-20 14:26:49,381 - core.sync_engine - ERROR - Network error during ingest: HTTPConnectionPool(host='localhost', port=8000): Read timed out. (read timeout=10)
2025-11-20 14:35:51,462 - core.sync_engine - ERROR - Network error during ingest: HTTPConnectionPool(host='localhost', port=8000): Read timed out. (read timeout=10)
2025-11-20 14:43:42,548 - core.sync_engine - ERROR - Network error during ingest: HTTPConnectionPool(host='localhost', port=8000): Read timed out. (read timeout=10)
2025-11-20 15:03:15,299 - core.sync_engine - INFO - Successfully synced 31 items.
2025-11-20 15:03:45,492 - core.sync_engine - INFO - Successfully synced 2 items.
2025-11-20 15:04:15,667 - core.sync_engine - INFO - Successfully synced 1 items.
2025-11-20 15:05:15,837 - core.sync_engine - INFO - Successfully synced 1 items.
2025-11-20 15:05:45,979 - core.sync_engine - INFO - Successfully synced 1 items.
2025-11-20 15:06:46,084 - core.sync_engine - INFO - Successfully synced 1 items.
2025-11-20 15:07:46,191 - core.sync_engine - INFO - Successfully synced 1 items.
2025-11-20 15:08:16,297 - core.sync_engine - INFO - Successfully synced 1 items.
2025-11-20 15:09:16,432 - core.sync_engine - INFO - Successfully synced 1 items.
2025-11-20 15:10:16,566 - core.sync_engine - INFO - Successfully synced 1 items.
2025-11-20 15:11:16,675 - core.sync_engine - INFO - Successfully synced 1 items.
2025-11-20 15:11:46,782 - core.sync_engine - INFO - Successfully synced 1 items.
2025-11-20 15:13:16,919 - core.sync_engine - INFO - Successfully synced 1 items.
2025-11-20 15:13:47,037 - core.sync_engine - INFO - Successfully synced 1 items.
2025-11-20 15:14:17,122 - core.sync_engine - INFO - Successfully synced 1 items.
2025-11-20 15:14:47,244 - core.sync_engine - INFO - Successfully synced 1 items.
2025-11-20 15:15:17,351 - core.sync_engine - INFO - Successfully synced 1 items.
2025-11-20 15:16:17,485 - core.sync_engine - INFO - Successfully synced 1 items.
2025-11-20 15:16:47,585 - core.sync_engine - INFO - Successfully synced 1 items.
2025-11-20 15:17:17,683 - core.sync_engine - INFO - Successfully synced 1 items.
2025-11-20 15:19:17,864 - core.sync_engine - INFO - Successfully synced 1 items.
2025-11-20 15:20:47,985 - core.sync_engine - INFO - Successfully synced 1 items.
2025-11-20 15:21:18,081 - core.sync_engine - INFO - Successfully synced 1 items.
2025-11-20 15:22:18,203 - core.sync_engine - INFO - Successfully synced 1 items.
2025-11-20 15:23:18,304 - core.sync_engine - INFO - Successfully synced 1 items.
2025-11-20 15:23:48,457 - core.sync_engine - INFO - Successfully synced 1 items.
2025-11-20 15:24:18,519 - core.sync_engine - INFO - Successfully synced 1 items.
2025-11-20 15:25:48,603 - core.sync_engine - INFO - Successfully synced 1 items.
2025-11-20 15:28:29,986 - core.sync_engine - INFO - Successfully synced 1 items.
2025-11-20 15:29:30,172 - core.sync_engine - INFO - Successfully synced 1 items.
2025-11-20 15:31:00,306 - core.sync_engine - INFO - Successfully synced 1 items.
2025-11-20 15:32:30,469 - core.sync_engine - INFO - Successfully synced 1 items.
2025-11-20 15:33:00,583 - core.sync_engine - INFO - Successfully synced 1 items.
2025-11-20 15:33:30,643 - core.sync_engine - INFO - Successfully synced 1 items.
2025-11-20 15:35:00,700 - core.sync_engine - INFO - Successfully synced 1 items.
2025-11-20 15:36:32,205 - core.sync_engine - INFO - Successfully synced 1 items.
2025-11-20 15:37:02,350 - core.sync_engine - INFO - Successfully synced 1 items.
2025-11-20 15:37:32,474 - core.sync_engine - INFO - Successfully synced 1 items.
2025-11-20 15:38:02,588 - core.sync_engine - INFO - Successfully synced 1 items.
2025-11-20 15:38:32,705 - core.sync_engine - INFO - Successfully synced 1 items.
2025-11-20 15:39:02,828 - core.sync_engine - INFO - Successfully synced 1 items.
2025-11-20 15:40:02,987 - core.sync_engine - INFO - Successfully synced 1 items.
2025-11-20 15:40:33,140 - core.sync_engine - INFO - Successfully synced 1 items.
2025-11-20 15:41:03,238 - core.sync_engine - INFO - Successfully synced 1 items.
2025-11-20 15:44:03,043 - core.sync_engine - INFO - Successfully synced 2 items.
2025-11-20 16:01:00,466 - core.sync_engine - ERROR - Network error during ingest: HTTPConnectionPool(host='localhost', port=8000): Read timed out. (read timeout=10)
2025-11-20 16:08:18,210 - core.sync_engine - INFO - Successfully synced 1 items.
2025-11-20 16:08:48,373 - core.sync_engine - INFO - Successfully synced 1 items.
2025-11-20 16:09:18,483 - core.sync_engine - INFO - Successfully synced 1 items.
2025-11-20 16:09:48,613 - core.sync_engine - INFO - Successfully synced 1 items.
2025-11-20 16:10:18,725 - core.sync_engine - INFO - Successfully synced 1 items.
2025-11-20 16:10:48,833 - core.sync_engine - INFO - Successfully synced 1 items.
2025-11-20 16:11:25,448 - core.extension_manager - INFO - Checking for extension updates...
2025-11-20 16:11:48,976 - core.sync_engine - INFO - Successfully synced 1 items.
2025-11-20 16:12:19,104 - core.sync_engine - INFO - Successfully synced 1 items.
2025-11-20 16:12:49,192 - core.sync_engine - INFO - Successfully synced 1 items.
2025-11-20 16:13:19,297 - core.sync_engine - INFO - Successfully synced 1 items.
2025-11-20 16:14:49,434 - core.sync_engine - INFO - Successfully synced 1 items.
2025-11-20 16:16:49,579 - core.sync_engine - INFO - Successfully synced 1 items.
2025-11-20 16:17:19,662 - core.sync_engine - INFO - Successfully synced 1 items.
2025-11-20 16:17:49,772 - core.sync_engine - INFO - Successfully synced 1 items.
2025-11-20 16:18:19,898 - core.sync_engine - INFO - Successfully synced 1 items.
2025-11-20 16:18:50,046 - core.sync_engine - INFO - Successfully synced 1 items.
2025-11-20 16:19:20,157 - core.sync_engine - INFO - Successfully synced 1 items.
2025-11-20 16:19:50,287 - core.sync_engine - INFO - Successfully synced 1 items.
2025-11-20 16:20:50,418 - core.sync_engine - INFO - Successfully synced 1 items.
2025-11-20 16:22:20,566 - core.sync_engine - INFO - Successfully synced 1 items.
2025-11-20 16:23:50,687 - core.sync_engine - INFO - Successfully synced 1 items.
2025-11-20 16:25:20,847 - core.sync_engine - INFO - Successfully synced 1 items.
2025-11-20 16:26:50,989 - core.sync_engine - INFO - Successfully synced 1 items.
2025-11-20 16:27:21,111 - core.sync_engine - INFO - Successfully synced 1 items.
2025-11-20 16:28:21,214 - core.sync_engine - INFO - Successfully synced 1 items.
2025-11-20 16:28:51,323 - core.sync_engine - INFO - Successfully synced 1 items.
2025-11-20 16:29:21,506 - core.sync_engine - INFO - Successfully synced 1 items.
2025-11-20 16:29:51,646 - core.sync_engine - INFO - Successfully synced 1 items.
2025-11-20 16:30:21,754 - core.sync_engine - INFO - Successfully synced 1 items.
2025-11-20 16:31:23,762 - core.sync_engine - WARNING - Failed to ingest item 1002: 500 - Internal Server Error
2025-11-20 16:31:53,848 - core.sync_engine - WARNING - Failed to ingest item 1002: 500 - Internal Server Error
2025-11-20 16:32:23,912 - core.sync_engine - WARNING - Failed to ingest item 1002: 500 - Internal Server Error
2025-11-20 16:32:23,949 - core.sync_engine - WARNING - Failed to ingest item 1003: 500 - Internal Server Error
2025-11-20 16:32:54,026 - core.sync_engine - WARNING - Failed to ingest item 1002: 500 - Internal Server Error
2025-11-20 16:32:54,038 - core.sync_engine - WARNING - Failed to ingest item 1003: 500 - Internal Server Error
2025-11-20 16:32:54,051 - core.sync_engine - WARNING - Failed to ingest item 1004: 500 - Internal Server Error
2025-11-20 16:33:24,138 - core.sync_engine - WARNING - Failed to ingest item 1002: 500 - Internal Server Error
2025-11-20 16:33:24,149 - core.sync_engine - WARNING - Failed to ingest item 1003: 500 - Internal Server Error
2025-11-20 16:33:24,156 - core.sync_engine - WARNING - Failed to ingest item 1004: 500 - Internal Server Error
2025-11-20 16:33:24,161 - core.sync_engine - WARNING - Failed to ingest item 1005: 500 - Internal Server Error
2025-11-20 16:33:54,188 - core.sync_engine - WARNING - Failed to ingest item 1002: 500 - Internal Server Error
2025-11-20 16:33:54,200 - core.sync_engine - WARNING - Failed to ingest item 1003: 500 - Internal Server Error
2025-11-20 16:33:54,213 - core.sync_engine - WARNING - Failed to ingest item 1004: 500 - Internal Server Error
2025-11-20 16:33:54,222 - core.sync_engine - WARNING - Failed to ingest item 1005: 500 - Internal Server Error
2025-11-20 16:33:54,228 - core.sync_engine - WARNING - Failed to ingest item 1006: 500 - Internal Server Error
2025-11-20 16:34:24,294 - core.sync_engine - WARNING - Failed to ingest item 1002: 500 - Internal Server Error
2025-11-20 16:34:24,317 - core.sync_engine - WARNING - Failed to ingest item 1003: 500 - Internal Server Error
2025-11-20 16:34:24,330 - core.sync_engine - WARNING - Failed to ingest item 1004: 500 - Internal Server Error
2025-11-20 16:34:24,335 - core.sync_engine - WARNING - Failed to ingest item 1005: 500 - Internal Server Error
2025-11-20 16:34:24,341 - core.sync_engine - WARNING - Failed to ingest item 1006: 500 - Internal Server Error
2025-11-20 16:34:24,346 - core.sync_engine - WARNING - Failed to ingest item 1007: 500 - Internal Server Error
2025-11-20 16:34:54,394 - core.sync_engine - WARNING - Failed to ingest item 1002: 500 - Internal Server Error
2025-11-20 16:34:54,437 - core.sync_engine - WARNING - Failed to ingest item 1003: 500 - Internal Server Error
2025-11-20 16:34:54,452 - core.sync_engine - WARNING - Failed to ingest item 1004: 500 - Internal Server Error
2025-11-20 16:34:54,461 - core.sync_engine - WARNING - Failed to ingest item 1005: 500 - Internal Server Error
2025-11-20 16:34:54,470 - core.sync_engine - WARNING - Failed to ingest item 1006: 500 - Internal Server Error
2025-11-20 16:34:54,478 - core.sync_engine - WARNING - Failed to ingest item 1007: 500 - Internal Server Error
2025-11-20 16:34:54,486 - core.sync_engine - WARNING - Failed to ingest item 1008: 500 - Internal Server Error
2025-11-20 16:35:24,591 - core.sync_engine - WARNING - Failed to ingest item 1002: 500 - Internal Server Error
2025-11-20 16:35:24,603 - core.sync_engine - WARNING - Failed to ingest item 1003: 500 - Internal Server Error
2025-11-20 16:35:24,611 - core.sync_engine - WARNING - Failed to ingest item 1004: 500 - Internal Server Error
2025-11-20 16:35:24,619 - core.sync_engine - WARNING - Failed to ingest item 1005: 500 - Internal Server Error
2025-11-20 16:35:24,633 - core.sync_engine - WARNING - Failed to ingest item 1006: 500 - Internal Server Error
2025-11-20 16:35:24,645 - core.sync_engine - WARNING - Failed to ingest item 1007: 500 - Internal Server Error
2025-11-20 16:35:24,658 - core.sync_engine - WARNING - Failed to ingest item 1008: 500 - Internal Server Error
2025-11-20 16:35:24,669 - core.sync_engine - WARNING - Failed to ingest item 1009: 500 - Internal Server Error
2025-11-20 16:35:54,719 - core.sync_engine - WARNING - Failed to ingest item 1002: 500 - Internal Server Error
2025-11-20 16:35:54,746 - core.sync_engine - WARNING - Failed to ingest item 1003: 500 - Internal Server Error
2025-11-20 16:35:54,759 - core.sync_engine - WARNING - Failed to ingest item 1004: 500 - Internal Server Error
2025-11-20 16:35:54,767 - core.sync_engine - WARNING - Failed to ingest item 1005: 500 - Internal Server Error
2025-11-20 16:35:54,776 - core.sync_engine - WARNING - Failed to ingest item 1006: 500 - Internal Server Error
2025-11-20 16:35:54,782 - core.sync_engine - WARNING - Failed to ingest item 1007: 500 - Internal Server Error
2025-11-20 16:35:54,798 - core.sync_engine - WARNING - Failed to ingest item 1008: 500 - Internal Server Error
2025-11-20 16:35:54,804 - core.sync_engine - WARNING - Failed to ingest item 1009: 500 - Internal Server Error
2025-11-20 16:35:55,001 - core.sync_engine - WARNING - Failed to ingest item 1010: 500 - Internal Server Error
2025-11-20 16:36:25,049 - core.sync_engine - WARNING - Failed to ingest item 1002: 500 - Internal Server Error
2025-11-20 16:36:25,072 - core.sync_engine - WARNING - Failed to ingest item 1003: 500 - Internal Server Error
2025-11-20 16:36:25,085 - core.sync_engine - WARNING - Failed to ingest item 1004: 500 - Internal Server Error
2025-11-20 16:36:25,100 - core.sync_engine - WARNING - Failed to ingest item 1005: 500 - Internal Server Error
2025-11-20 16:36:25,117 - core.sync_engine - WARNING - Failed to ingest item 1006: 500 - Internal Server Error
2025-11-20 16:36:25,127 - core.sync_engine - WARNING - Failed to ingest item 1007: 500 - Internal Server Error
2025-11-20 16:36:25,144 - core.sync_engine - WARNING - Failed to ingest item 1008: 500 - Internal Server Error
2025-11-20 16:36:25,160 - core.sync_engine - WARNING - Failed to ingest item 1009: 500 - Internal Server Error
2025-11-20 16:36:25,171 - core.sync_engine - WARNING - Failed to ingest item 1010: 500 - Internal Server Error
2025-11-20 16:36:25,182 - core.sync_engine - WARNING - Failed to ingest item 1011: 500 - Internal Server Error
2025-11-20 16:36:55,258 - core.sync_engine - WARNING - Failed to ingest item 1002: 500 - Internal Server Error
2025-11-20 16:36:55,288 - core.sync_engine - WARNING - Failed to ingest item 1003: 500 - Internal Server Error
2025-11-20 16:36:55,296 - core.sync_engine - WARNING - Failed to ingest item 1004: 500 - Internal Server Error
2025-11-20 16:36:55,306 - core.sync_engine - WARNING - Failed to ingest item 1005: 500 - Internal Server Error
2025-11-20 16:36:55,310 - core.sync_engine - WARNING - Failed to ingest item 1006: 500 - Internal Server Error
2025-11-20 16:36:55,319 - core.sync_engine - WARNING - Failed to ingest item 1007: 500 - Internal Server Error
2025-11-20 16:36:55,325 - core.sync_engine - WARNING - Failed to ingest item 1008: 500 - Internal Server Error
2025-11-20 16:36:55,329 - core.sync_engine - WARNING - Failed to ingest item 1009: 500 - Internal Server Error
2025-11-20 16:36:55,335 - core.sync_engine - WARNING - Failed to ingest item 1010: 500 - Internal Server Error
2025-11-20 16:36:55,343 - core.sync_engine - WARNING - Failed to ingest item 1011: 500 - Internal Server Error
2025-11-20 16:36:55,347 - core.sync_engine - WARNING - Failed to ingest item 1012: 500 - Internal Server Error
2025-11-20 16:37:25,419 - core.sync_engine - WARNING - Failed to ingest item 1002: 500 - Internal Server Error
2025-11-20 16:37:25,448 - core.sync_engine - WARNING - Failed to ingest item 1003: 500 - Internal Server Error
2025-11-20 16:37:25,474 - core.sync_engine - WARNING - Failed to ingest item 1004: 500 - Internal Server Error
2025-11-20 16:37:25,487 - core.sync_engine - WARNING - Failed to ingest item 1005: 500 - Internal Server Error
2025-11-20 16:37:25,497 - core.sync_engine - WARNING - Failed to ingest item 1006: 500 - Internal Server Error
2025-11-20 16:37:25,518 - core.sync_engine - WARNING - Failed to ingest item 1007: 500 - Internal Server Error
2025-11-20 16:37:25,531 - core.sync_engine - WARNING - Failed to ingest item 1008: 500 - Internal Server Error
2025-11-20 16:37:25,542 - core.sync_engine - WARNING - Failed to ingest item 1009: 500 - Internal Server Error
2025-11-20 16:37:25,554 - core.sync_engine - WARNING - Failed to ingest item 1010: 500 - Internal Server Error
2025-11-20 16:37:25,565 - core.sync_engine - WARNING - Failed to ingest item 1011: 500 - Internal Server Error
2025-11-20 16:37:25,576 - core.sync_engine - WARNING - Failed to ingest item 1012: 500 - Internal Server Error
2025-11-20 16:37:25,590 - core.sync_engine - WARNING - Failed to ingest item 1013: 500 - Internal Server Error
2025-11-20 16:37:55,643 - core.sync_engine - WARNING - Failed to ingest item 1002: 500 - Internal Server Error
2025-11-20 16:37:55,662 - core.sync_engine - WARNING - Failed to ingest item 1003: 500 - Internal Server Error
2025-11-20 16:37:55,673 - core.sync_engine - WARNING - Failed to ingest item 1004: 500 - Internal Server Error
2025-11-20 16:37:55,678 - core.sync_engine - WARNING - Failed to ingest item 1005: 500 - Internal Server Error
2025-11-20 16:37:55,692 - core.sync_engine - WARNING - Failed to ingest item 1006: 500 - Internal Server Error
2025-11-20 16:37:55,708 - core.sync_engine - WARNING - Failed to ingest item 1007: 500 - Internal Server Error
2025-11-20 16:37:55,725 - core.sync_engine - WARNING - Failed to ingest item 1008: 500 - Internal Server Error
2025-11-20 16:37:55,735 - core.sync_engine - WARNING - Failed to ingest item 1009: 500 - Internal Server Error
2025-11-20 16:37:55,746 - core.sync_engine - WARNING - Failed to ingest item 1010: 500 - Internal Server Error
2025-11-20 16:37:55,756 - core.sync_engine - WARNING - Failed to ingest item 1011: 500 - Internal Server Error
2025-11-20 16:37:55,767 - core.sync_engine - WARNING - Failed to ingest item 1012: 500 - Internal Server Error
2025-11-20 16:37:55,777 - core.sync_engine - WARNING - Failed to ingest item 1013: 500 - Internal Server Error
2025-11-20 16:37:55,786 - core.sync_engine - WARNING - Failed to ingest item 1014: 500 - Internal Server Error
2025-11-20 16:38:25,889 - core.sync_engine - WARNING - Failed to ingest item 1002: 500 - Internal Server Error
2025-11-20 16:38:25,919 - core.sync_engine - WARNING - Failed to ingest item 1003: 500 - Internal Server Error
2025-11-20 16:38:25,937 - core.sync_engine - WARNING - Failed to ingest item 1004: 500 - Internal Server Error
2025-11-20 16:38:25,948 - core.sync_engine - WARNING - Failed to ingest item 1005: 500 - Internal Server Error
2025-11-20 16:38:25,970 - core.sync_engine - WARNING - Failed to ingest item 1006: 500 - Internal Server Error
2025-11-20 16:38:25,982 - core.sync_engine - WARNING - Failed to ingest item 1007: 500 - Internal Server Error
2025-11-20 16:38:26,000 - core.sync_engine - WARNING - Failed to ingest item 1008: 500 - Internal Server Error
2025-11-20 16:38:26,023 - core.sync_engine - WARNING - Failed to ingest item 1009: 500 - Internal Server Error
2025-11-20 16:38:26,034 - core.sync_engine - WARNING - Failed to ingest item 1010: 500 - Internal Server Error
2025-11-20 16:38:26,044 - core.sync_engine - WARNING - Failed to ingest item 1011: 500 - Internal Server Error
2025-11-20 16:38:26,066 - core.sync_engine - WARNING - Failed to ingest item 1012: 500 - Internal Server Error
2025-11-20 16:38:26,080 - core.sync_engine - WARNING - Failed to ingest item 1013: 500 - Internal Server Error
2025-11-20 16:38:26,102 - core.sync_engine - WARNING - Failed to ingest item 1014: 500 - Internal Server Error
2025-11-20 16:38:26,129 - core.sync_engine - WARNING - Failed to ingest item 1015: 500 - Internal Server Error
2025-11-20 16:38:56,184 - core.sync_engine - WARNING - Failed to ingest item 1002: 500 - Internal Server Error
2025-11-20 16:38:56,211 - core.sync_engine - WARNING - Failed to ingest item 1003: 500 - Internal Server Error
2025-11-20 16:38:56,222 - core.sync_engine - WARNING - Failed to ingest item 1004: 500 - Internal Server Error
2025-11-20 16:38:56,233 - core.sync_engine - WARNING - Failed to ingest item 1005: 500 - Internal Server Error
2025-11-20 16:38:56,243 - core.sync_engine - WARNING - Failed to ingest item 1006: 500 - Internal Server Error
2025-11-20 16:38:56,249 - core.sync_engine - WARNING - Failed to ingest item 1007: 500 - Internal Server Error
2025-11-20 16:38:56,255 - core.sync_engine - WARNING - Failed to ingest item 1008: 500 - Internal Server Error
2025-11-20 16:38:56,261 - core.sync_engine - WARNING - Failed to ingest item 1009: 500 - Internal Server Error
2025-11-20 16:38:56,272 - core.sync_engine - WARNING - Failed to ingest item 1010: 500 - Internal Server Error
2025-11-20 16:38:56,278 - core.sync_engine - WARNING - Failed to ingest item 1011: 500 - Internal Server Error
2025-11-20 16:38:56,284 - core.sync_engine - WARNING - Failed to ingest item 1012: 500 - Internal Server Error
2025-11-20 16:38:56,293 - core.sync_engine - WARNING - Failed to ingest item 1013: 500 - Internal Server Error
2025-11-20 16:38:56,302 - core.sync_engine - WARNING - Failed to ingest item 1014: 500 - Internal Server Error
2025-11-20 16:38:56,309 - core.sync_engine - WARNING - Failed to ingest item 1015: 500 - Internal Server Error
2025-11-20 16:39:26,371 - core.sync_engine - WARNING - Failed to ingest item 1002: 500 - Internal Server Error
2025-11-20 16:39:26,391 - core.sync_engine - WARNING - Failed to ingest item 1003: 500 - Internal Server Error
2025-11-20 16:39:26,403 - core.sync_engine - WARNING - Failed to ingest item 1004: 500 - Internal Server Error
2025-11-20 16:39:26,413 - core.sync_engine - WARNING - Failed to ingest item 1005: 500 - Internal Server Error
2025-11-20 16:39:26,421 - core.sync_engine - WARNING - Failed to ingest item 1006: 500 - Internal Server Error
2025-11-20 16:39:26,428 - core.sync_engine - WARNING - Failed to ingest item 1007: 500 - Internal Server Error
2025-11-20 16:39:26,437 - core.sync_engine - WARNING - Failed to ingest item 1008: 500 - Internal Server Error
2025-11-20 16:39:26,441 - core.sync_engine - WARNING - Failed to ingest item 1009: 500 - Internal Server Error
2025-11-20 16:39:26,448 - core.sync_engine - WARNING - Failed to ingest item 1010: 500 - Internal Server Error
2025-11-20 16:39:26,452 - core.sync_engine - WARNING - Failed to ingest item 1011: 500 - Internal Server Error
2025-11-20 16:39:26,457 - core.sync_engine - WARNING - Failed to ingest item 1012: 500 - Internal Server Error
2025-11-20 16:39:26,464 - core.sync_engine - WARNING - Failed to ingest item 1013: 500 - Internal Server Error
2025-11-20 16:39:26,469 - core.sync_engine - WARNING - Failed to ingest item 1014: 500 - Internal Server Error
2025-11-20 16:39:26,475 - core.sync_engine - WARNING - Failed to ingest item 1015: 500 - Internal Server Error
2025-11-20 16:39:26,485 - core.sync_engine - WARNING - Failed to ingest item 1016: 500 - Internal Server Error
2025-11-20 16:39:56,559 - core.sync_engine - WARNING - Failed to ingest item 1002: 500 - Internal Server Error
2025-11-20 16:39:56,578 - core.sync_engine - WARNING - Failed to ingest item 1003: 500 - Internal Server Error
2025-11-20 16:39:56,593 - core.sync_engine - WARNING - Failed to ingest item 1004: 500 - Internal Server Error
2025-11-20 16:39:56,601 - core.sync_engine - WARNING - Failed to ingest item 1005: 500 - Internal Server Error
2025-11-20 16:39:56,606 - core.sync_engine - WARNING - Failed to ingest item 1006: 500 - Internal Server Error
2025-11-20 16:39:56,613 - core.sync_engine - WARNING - Failed to ingest item 1007: 500 - Internal Server Error
2025-11-20 16:39:56,617 - core.sync_engine - WARNING - Failed to ingest item 1008: 500 - Internal Server Error
2025-11-20 16:39:56,623 - core.sync_engine - WARNING - Failed to ingest item 1009: 500 - Internal Server Error
2025-11-20 16:39:56,628 - core.sync_engine - WARNING - Failed to ingest item 1010: 500 - Internal Server Error
2025-11-20 16:39:56,632 - core.sync_engine - WARNING - Failed to ingest item 1011: 500 - Internal Server Error
2025-11-20 16:39:56,637 - core.sync_engine - WARNING - Failed to ingest item 1012: 500 - Internal Server Error
2025-11-20 16:39:56,642 - core.sync_engine - WARNING - Failed to ingest item 1013: 500 - Internal Server Error
2025-11-20 16:39:56,648 - core.sync_engine - WARNING - Failed to ingest item 1014: 500 - Internal Server Error
2025-11-20 16:39:56,655 - core.sync_engine - WARNING - Failed to ingest item 1015: 500 - Internal Server Error
2025-11-20 16:39:56,659 - core.sync_engine - WARNING - Failed to ingest item 1016: 500 - Internal Server Error
2025-11-20 16:39:56,665 - core.sync_engine - WARNING - Failed to ingest item 1017: 500 - Internal Server Error
2025-11-20 16:40:26,724 - core.sync_engine - WARNING - Failed to ingest item 1002: 500 - Internal Server Error
2025-11-20 16:40:26,752 - core.sync_engine - WARNING - Failed to ingest item 1003: 500 - Internal Server Error
2025-11-20 16:40:26,764 - core.sync_engine - WARNING - Failed to ingest item 1004: 500 - Internal Server Error
2025-11-20 16:40:26,773 - core.sync_engine - WARNING - Failed to ingest item 1005: 500 - Internal Server Error
2025-11-20 16:40:26,792 - core.sync_engine - WARNING - Failed to ingest item 1006: 500 - Internal Server Error
2025-11-20 16:40:26,812 - core.sync_engine - WARNING - Failed to ingest item 1007: 500 - Internal Server Error
2025-11-20 16:40:26,822 - core.sync_engine - WARNING - Failed to ingest item 1008: 500 - Internal Server Error
2025-11-20 16:40:26,830 - core.sync_engine - WARNING - Failed to ingest item 1009: 500 - Internal Server Error
2025-11-20 16:40:26,835 - core.sync_engine - WARNING - Failed to ingest item 1010: 500 - Internal Server Error
2025-11-20 16:40:26,840 - core.sync_engine - WARNING - Failed to ingest item 1011: 500 - Internal Server Error
2025-11-20 16:40:26,845 - core.sync_engine - WARNING - Failed to ingest item 1012: 500 - Internal Server Error
2025-11-20 16:40:26,853 - core.sync_engine - WARNING - Failed to ingest item 1013: 500 - Internal Server Error
2025-11-20 16:40:26,858 - core.sync_engine - WARNING - Failed to ingest item 1014: 500 - Internal Server Error
2025-11-20 16:40:26,863 - core.sync_engine - WARNING - Failed to ingest item 1015: 500 - Internal Server Error
2025-11-20 16:40:26,867 - core.sync_engine - WARNING - Failed to ingest item 1016: 500 - Internal Server Error
2025-11-20 16:40:26,874 - core.sync_engine - WARNING - Failed to ingest item 1017: 500 - Internal Server Error
2025-11-20 16:40:26,878 - core.sync_engine - WARNING - Failed to ingest item 1018: 500 - Internal Server Error
2025-11-20 16:40:56,934 - core.sync_engine - WARNING - Failed to ingest item 1002: 500 - Internal Server Error
2025-11-20 16:40:56,955 - core.sync_engine - WARNING - Failed to ingest item 1003: 500 - Internal Server Error
2025-11-20 16:40:56,969 - core.sync_engine - WARNING - Failed to ingest item 1004: 500 - Internal Server Error
2025-11-20 16:40:56,978 - core.sync_engine - WARNING - Failed to ingest item 1005: 500 - Internal Server Error
2025-11-20 16:40:56,983 - core.sync_engine - WARNING - Failed to ingest item 1006: 500 - Internal Server Error
2025-11-20 16:40:56,987 - core.sync_engine - WARNING - Failed to ingest item 1007: 500 - Internal Server Error
2025-11-20 16:40:56,999 - core.sync_engine - WARNING - Failed to ingest item 1008: 500 - Internal Server Error
2025-11-20 16:40:57,006 - core.sync_engine - WARNING - Failed to ingest item 1009: 500 - Internal Server Error
2025-11-20 16:40:57,012 - core.sync_engine - WARNING - Failed to ingest item 1010: 500 - Internal Server Error
2025-11-20 16:40:57,017 - core.sync_engine - WARNING - Failed to ingest item 1011: 500 - Internal Server Error
2025-11-20 16:40:57,020 - core.sync_engine - WARNING - Failed to ingest item 1012: 500 - Internal Server Error
2025-11-20 16:40:57,025 - core.sync_engine - WARNING - Failed to ingest item 1013: 500 - Internal Server Error
2025-11-20 16:40:57,033 - core.sync_engine - WARNING - Failed to ingest item 1014: 500 - Internal Server Error
2025-11-20 16:40:57,039 - core.sync_engine - WARNING - Failed to ingest item 1015: 500 - Internal Server Error
2025-11-20 16:40:57,043 - core.sync_engine - WARNING - Failed to ingest item 1016: 500 - Internal Server Error
2025-11-20 16:40:57,048 - core.sync_engine - WARNING - Failed to ingest item 1017: 500 - Internal Server Error
2025-11-20 16:40:57,052 - core.sync_engine - WARNING - Failed to ingest item 1018: 500 - Internal Server Error
2025-11-20 16:41:27,141 - core.sync_engine - WARNING - Failed to ingest item 1002: 500 - Internal Server Error
2025-11-20 16:41:27,154 - core.sync_engine - WARNING - Failed to ingest item 1003: 500 - Internal Server Error
2025-11-20 16:41:27,163 - core.sync_engine - WARNING - Failed to ingest item 1004: 500 - Internal Server Error
2025-11-20 16:41:27,167 - core.sync_engine - WARNING - Failed to ingest item 1005: 500 - Internal Server Error
2025-11-20 16:41:27,177 - core.sync_engine - WARNING - Failed to ingest item 1006: 500 - Internal Server Error
2025-11-20 16:41:27,183 - core.sync_engine - WARNING - Failed to ingest item 1007: 500 - Internal Server Error
2025-11-20 16:41:27,187 - core.sync_engine - WARNING - Failed to ingest item 1008: 500 - Internal Server Error
2025-11-20 16:41:27,191 - core.sync_engine - WARNING - Failed to ingest item 1009: 500 - Internal Server Error
2025-11-20 16:41:27,196 - core.sync_engine - WARNING - Failed to ingest item 1010: 500 - Internal Server Error
2025-11-20 16:41:27,201 - core.sync_engine - WARNING - Failed to ingest item 1011: 500 - Internal Server Error
2025-11-20 16:41:27,206 - core.sync_engine - WARNING - Failed to ingest item 1012: 500 - Internal Server Error
2025-11-20 16:41:27,213 - core.sync_engine - WARNING - Failed to ingest item 1013: 500 - Internal Server Error
2025-11-20 16:41:27,217 - core.sync_engine - WARNING - Failed to ingest item 1014: 500 - Internal Server Error
2025-11-20 16:41:27,223 - core.sync_engine - WARNING - Failed to ingest item 1015: 500 - Internal Server Error
2025-11-20 16:41:27,227 - core.sync_engine - WARNING - Failed to ingest item 1016: 500 - Internal Server Error
2025-11-20 16:41:27,231 - core.sync_engine - WARNING - Failed to ingest item 1017: 500 - Internal Server Error
2025-11-20 16:41:27,234 - core.sync_engine - WARNING - Failed to ingest item 1018: 500 - Internal Server Error
2025-11-20 16:41:57,285 - core.sync_engine - WARNING - Failed to ingest item 1002: 500 - Internal Server Error
2025-11-20 16:41:57,307 - core.sync_engine - WARNING - Failed to ingest item 1003: 500 - Internal Server Error
2025-11-20 16:41:57,318 - core.sync_engine - WARNING - Failed to ingest item 1004: 500 - Internal Server Error
2025-11-20 16:41:57,328 - core.sync_engine - WARNING - Failed to ingest item 1005: 500 - Internal Server Error
2025-11-20 16:41:57,338 - core.sync_engine - WARNING - Failed to ingest item 1006: 500 - Internal Server Error
2025-11-20 16:41:57,352 - core.sync_engine - WARNING - Failed to ingest item 1007: 500 - Internal Server Error
2025-11-20 16:41:57,357 - core.sync_engine - WARNING - Failed to ingest item 1008: 500 - Internal Server Error
2025-11-20 16:41:57,360 - core.sync_engine - WARNING - Failed to ingest item 1009: 500 - Internal Server Error
2025-11-20 16:41:57,367 - core.sync_engine - WARNING - Failed to ingest item 1010: 500 - Internal Server Error
2025-11-20 16:41:57,376 - core.sync_engine - WARNING - Failed to ingest item 1011: 500 - Internal Server Error
2025-11-20 16:41:57,380 - core.sync_engine - WARNING - Failed to ingest item 1012: 500 - Internal Server Error
2025-11-20 16:41:57,387 - core.sync_engine - WARNING - Failed to ingest item 1013: 500 - Internal Server Error
2025-11-20 16:41:57,391 - core.sync_engine - WARNING - Failed to ingest item 1014: 500 - Internal Server Error
2025-11-20 16:41:57,395 - core.sync_engine - WARNING - Failed to ingest item 1015: 500 - Internal Server Error
2025-11-20 16:41:57,400 - core.sync_engine - WARNING - Failed to ingest item 1016: 500 - Internal Server Error
2025-11-20 16:41:57,409 - core.sync_engine - WARNING - Failed to ingest item 1017: 500 - Internal Server Error
2025-11-20 16:41:57,414 - core.sync_engine - WARNING - Failed to ingest item 1018: 500 - Internal Server Error
2025-11-20 16:42:27,464 - core.sync_engine - WARNING - Failed to ingest item 1002: 500 - Internal Server Error
2025-11-20 16:42:27,478 - core.sync_engine - WARNING - Failed to ingest item 1003: 500 - Internal Server Error
2025-11-20 16:42:27,499 - core.sync_engine - WARNING - Failed to ingest item 1004: 500 - Internal Server Error
2025-11-20 16:42:27,510 - core.sync_engine - WARNING - Failed to ingest item 1005: 500 - Internal Server Error
2025-11-20 16:42:27,518 - core.sync_engine - WARNING - Failed to ingest item 1006: 500 - Internal Server Error
2025-11-20 16:42:27,524 - core.sync_engine - WARNING - Failed to ingest item 1007: 500 - Internal Server Error
2025-11-20 16:42:27,531 - core.sync_engine - WARNING - Failed to ingest item 1008: 500 - Internal Server Error
2025-11-20 16:42:27,538 - core.sync_engine - WARNING - Failed to ingest item 1009: 500 - Internal Server Error
2025-11-20 16:42:27,544 - core.sync_engine - WARNING - Failed to ingest item 1010: 500 - Internal Server Error
2025-11-20 16:42:27,548 - core.sync_engine - WARNING - Failed to ingest item 1011: 500 - Internal Server Error
2025-11-20 16:42:27,554 - core.sync_engine - WARNING - Failed to ingest item 1012: 500 - Internal Server Error
2025-11-20 16:42:27,559 - core.sync_engine - WARNING - Failed to ingest item 1013: 500 - Internal Server Error
2025-11-20 16:42:27,564 - core.sync_engine - WARNING - Failed to ingest item 1014: 500 - Internal Server Error
2025-11-20 16:42:27,567 - core.sync_engine - WARNING - Failed to ingest item 1015: 500 - Internal Server Error
2025-11-20 16:42:27,573 - core.sync_engine - WARNING - Failed to ingest item 1016: 500 - Internal Server Error
2025-11-20 16:42:27,578 - core.sync_engine - WARNING - Failed to ingest item 1017: 500 - Internal Server Error
2025-11-20 16:42:27,584 - core.sync_engine - WARNING - Failed to ingest item 1018: 500 - Internal Server Error
2025-11-20 16:42:57,644 - core.sync_engine - WARNING - Failed to ingest item 1002: 500 - Internal Server Error
2025-11-20 16:42:57,665 - core.sync_engine - WARNING - Failed to ingest item 1003: 500 - Internal Server Error
2025-11-20 16:42:57,681 - core.sync_engine - WARNING - Failed to ingest item 1004: 500 - Internal Server Error
2025-11-20 16:42:57,696 - core.sync_engine - WARNING - Failed to ingest item 1005: 500 - Internal Server Error
2025-11-20 16:42:57,710 - core.sync_engine - WARNING - Failed to ingest item 1006: 500 - Internal Server Error
2025-11-20 16:42:57,714 - core.sync_engine - WARNING - Failed to ingest item 1007: 500 - Internal Server Error
2025-11-20 16:42:57,719 - core.sync_engine - WARNING - Failed to ingest item 1008: 500 - Internal Server Error
2025-11-20 16:42:57,726 - core.sync_engine - WARNING - Failed to ingest item 1009: 500 - Internal Server Error
2025-11-20 16:42:57,731 - core.sync_engine - WARNING - Failed to ingest item 1010: 500 - Internal Server Error
2025-11-20 16:42:57,737 - core.sync_engine - WARNING - Failed to ingest item 1011: 500 - Internal Server Error
2025-11-20 16:42:57,742 - core.sync_engine - WARNING - Failed to ingest item 1012: 500 - Internal Server Error
2025-11-20 16:42:57,746 - core.sync_engine - WARNING - Failed to ingest item 1013: 500 - Internal Server Error
2025-11-20 16:42:57,750 - core.sync_engine - WARNING - Failed to ingest item 1014: 500 - Internal Server Error
2025-11-20 16:42:57,754 - core.sync_engine - WARNING - Failed to ingest item 1015: 500 - Internal Server Error
2025-11-20 16:42:57,757 - core.sync_engine - WARNING - Failed to ingest item 1016: 500 - Internal Server Error
2025-11-20 16:42:57,761 - core.sync_engine - WARNING - Failed to ingest item 1017: 500 - Internal Server Error
2025-11-20 16:42:57,766 - core.sync_engine - WARNING - Failed to ingest item 1018: 500 - Internal Server Error
2025-11-20 16:42:57,771 - core.sync_engine - WARNING - Failed to ingest item 1019: 500 - Internal Server Error
2025-11-20 16:43:27,835 - core.sync_engine - WARNING - Failed to ingest item 1002: 500 - Internal Server Error
2025-11-20 16:43:27,854 - core.sync_engine - WARNING - Failed to ingest item 1003: 500 - Internal Server Error
2025-11-20 16:43:27,867 - core.sync_engine - WARNING - Failed to ingest item 1004: 500 - Internal Server Error
2025-11-20 16:43:27,878 - core.sync_engine - WARNING - Failed to ingest item 1005: 500 - Internal Server Error
2025-11-20 16:43:27,884 - core.sync_engine - WARNING - Failed to ingest item 1006: 500 - Internal Server Error
2025-11-20 16:43:27,894 - core.sync_engine - WARNING - Failed to ingest item 1007: 500 - Internal Server Error
2025-11-20 16:43:27,900 - core.sync_engine - WARNING - Failed to ingest item 1008: 500 - Internal Server Error
2025-11-20 16:43:27,907 - core.sync_engine - WARNING - Failed to ingest item 1009: 500 - Internal Server Error
2025-11-20 16:43:27,912 - core.sync_engine - WARNING - Failed to ingest item 1010: 500 - Internal Server Error
2025-11-20 16:43:27,917 - core.sync_engine - WARNING - Failed to ingest item 1011: 500 - Internal Server Error
2025-11-20 16:43:27,926 - core.sync_engine - WARNING - Failed to ingest item 1012: 500 - Internal Server Error
2025-11-20 16:43:27,933 - core.sync_engine - WARNING - Failed to ingest item 1013: 500 - Internal Server Error
2025-11-20 16:43:27,940 - core.sync_engine - WARNING - Failed to ingest item 1014: 500 - Internal Server Error
2025-11-20 16:43:27,950 - core.sync_engine - WARNING - Failed to ingest item 1015: 500 - Internal Server Error
2025-11-20 16:43:27,956 - core.sync_engine - WARNING - Failed to ingest item 1016: 500 - Internal Server Error
2025-11-20 16:43:27,960 - core.sync_engine - WARNING - Failed to ingest item 1017: 500 - Internal Server Error
2025-11-20 16:43:27,968 - core.sync_engine - WARNING - Failed to ingest item 1018: 500 - Internal Server Error
2025-11-20 16:43:27,974 - core.sync_engine - WARNING - Failed to ingest item 1019: 500 - Internal Server Error
2025-11-20 16:43:27,980 - core.sync_engine - WARNING - Failed to ingest item 1020: 500 - Internal Server Error
2025-11-20 16:43:58,034 - core.sync_engine - WARNING - Failed to ingest item 1002: 500 - Internal Server Error
2025-11-20 16:43:58,057 - core.sync_engine - WARNING - Failed to ingest item 1003: 500 - Internal Server Error
2025-11-20 16:43:58,069 - core.sync_engine - WARNING - Failed to ingest item 1004: 500 - Internal Server Error
2025-11-20 16:43:58,084 - core.sync_engine - WARNING - Failed to ingest item 1005: 500 - Internal Server Error
2025-11-20 16:43:58,098 - core.sync_engine - WARNING - Failed to ingest item 1006: 500 - Internal Server Error
2025-11-20 16:43:58,104 - core.sync_engine - WARNING - Failed to ingest item 1007: 500 - Internal Server Error
2025-11-20 16:43:58,109 - core.sync_engine - WARNING - Failed to ingest item 1008: 500 - Internal Server Error
2025-11-20 16:43:58,115 - core.sync_engine - WARNING - Failed to ingest item 1009: 500 - Internal Server Error
2025-11-20 16:43:58,123 - core.sync_engine - WARNING - Failed to ingest item 1010: 500 - Internal Server Error
2025-11-20 16:43:58,126 - core.sync_engine - WARNING - Failed to ingest item 1011: 500 - Internal Server Error
2025-11-20 16:43:58,131 - core.sync_engine - WARNING - Failed to ingest item 1012: 500 - Internal Server Error
2025-11-20 16:43:58,135 - core.sync_engine - WARNING - Failed to ingest item 1013: 500 - Internal Server Error
2025-11-20 16:43:58,140 - core.sync_engine - WARNING - Failed to ingest item 1014: 500 - Internal Server Error
2025-11-20 16:43:58,145 - core.sync_engine - WARNING - Failed to ingest item 1015: 500 - Internal Server Error
2025-11-20 16:43:58,153 - core.sync_engine - WARNING - Failed to ingest item 1016: 500 - Internal Server Error
2025-11-20 16:43:58,157 - core.sync_engine - WARNING - Failed to ingest item 1017: 500 - Internal Server Error
2025-11-20 16:43:58,162 - core.sync_engine - WARNING - Failed to ingest item 1018: 500 - Internal Server Error
2025-11-20 16:43:58,166 - core.sync_engine - WARNING - Failed to ingest item 1019: 500 - Internal Server Error
2025-11-20 16:43:58,171 - core.sync_engine - WARNING - Failed to ingest item 1020: 500 - Internal Server Error
2025-11-20 16:44:28,225 - core.sync_engine - WARNING - Failed to ingest item 1002: 500 - Internal Server Error
2025-11-20 16:44:28,248 - core.sync_engine - WARNING - Failed to ingest item 1003: 500 - Internal Server Error
2025-11-20 16:44:28,257 - core.sync_engine - WARNING - Failed to ingest item 1004: 500 - Internal Server Error
2025-11-20 16:44:28,269 - core.sync_engine - WARNING - Failed to ingest item 1005: 500 - Internal Server Error
2025-11-20 16:44:28,274 - core.sync_engine - WARNING - Failed to ingest item 1006: 500 - Internal Server Error
2025-11-20 16:44:28,279 - core.sync_engine - WARNING - Failed to ingest item 1007: 500 - Internal Server Error
2025-11-20 16:44:28,284 - core.sync_engine - WARNING - Failed to ingest item 1008: 500 - Internal Server Error
2025-11-20 16:44:28,289 - core.sync_engine - WARNING - Failed to ingest item 1009: 500 - Internal Server Error
2025-11-20 16:44:28,297 - core.sync_engine - WARNING - Failed to ingest item 1010: 500 - Internal Server Error
2025-11-20 16:44:28,301 - core.sync_engine - WARNING - Failed to ingest item 1011: 500 - Internal Server Error
2025-11-20 16:44:28,306 - core.sync_engine - WARNING - Failed to ingest item 1012: 500 - Internal Server Error
2025-11-20 16:44:28,313 - core.sync_engine - WARNING - Failed to ingest item 1013: 500 - Internal Server Error
2025-11-20 16:44:28,317 - core.sync_engine - WARNING - Failed to ingest item 1014: 500 - Internal Server Error
2025-11-20 16:44:28,322 - core.sync_engine - WARNING - Failed to ingest item 1015: 500 - Internal Server Error
2025-11-20 16:44:28,328 - core.sync_engine - WARNING - Failed to ingest item 1016: 500 - Internal Server Error
2025-11-20 16:44:28,332 - core.sync_engine - WARNING - Failed to ingest item 1017: 500 - Internal Server Error
2025-11-20 16:44:28,336 - core.sync_engine - WARNING - Failed to ingest item 1018: 500 - Internal Server Error
2025-11-20 16:44:28,341 - core.sync_engine - WARNING - Failed to ingest item 1019: 500 - Internal Server Error
2025-11-20 16:44:28,346 - core.sync_engine - WARNING - Failed to ingest item 1020: 500 - Internal Server Error
2025-11-20 16:44:58,397 - core.sync_engine - WARNING - Failed to ingest item 1002: 500 - Internal Server Error
2025-11-20 16:44:58,425 - core.sync_engine - WARNING - Failed to ingest item 1003: 500 - Internal Server Error
2025-11-20 16:44:58,431 - core.sync_engine - WARNING - Failed to ingest item 1004: 500 - Internal Server Error
2025-11-20 16:44:58,439 - core.sync_engine - WARNING - Failed to ingest item 1005: 500 - Internal Server Error
2025-11-20 16:44:58,447 - core.sync_engine - WARNING - Failed to ingest item 1006: 500 - Internal Server Error
2025-11-20 16:44:58,457 - core.sync_engine - WARNING - Failed to ingest item 1007: 500 - Internal Server Error
2025-11-20 16:44:58,462 - core.sync_engine - WARNING - Failed to ingest item 1008: 500 - Internal Server Error
2025-11-20 16:44:58,467 - core.sync_engine - WARNING - Failed to ingest item 1009: 500 - Internal Server Error
2025-11-20 16:44:58,471 - core.sync_engine - WARNING - Failed to ingest item 1010: 500 - Internal Server Error
2025-11-20 16:44:58,475 - core.sync_engine - WARNING - Failed to ingest item 1011: 500 - Internal Server Error
2025-11-20 16:44:58,479 - core.sync_engine - WARNING - Failed to ingest item 1012: 500 - Internal Server Error
2025-11-20 16:44:58,483 - core.sync_engine - WARNING - Failed to ingest item 1013: 500 - Internal Server Error
2025-11-20 16:44:58,493 - core.sync_engine - WARNING - Failed to ingest item 1014: 500 - Internal Server Error
2025-11-20 16:44:58,499 - core.sync_engine - WARNING - Failed to ingest item 1015: 500 - Internal Server Error
2025-11-20 16:44:58,506 - core.sync_engine - WARNING - Failed to ingest item 1016: 500 - Internal Server Error
2025-11-20 16:44:58,510 - core.sync_engine - WARNING - Failed to ingest item 1017: 500 - Internal Server Error
2025-11-20 16:44:58,515 - core.sync_engine - WARNING - Failed to ingest item 1018: 500 - Internal Server Error
2025-11-20 16:44:58,520 - core.sync_engine - WARNING - Failed to ingest item 1019: 500 - Internal Server Error
2025-11-20 16:44:58,524 - core.sync_engine - WARNING - Failed to ingest item 1020: 500 - Internal Server Error
2025-11-20 16:45:28,607 - core.sync_engine - WARNING - Failed to ingest item 1002: 500 - Internal Server Error
2025-11-20 16:45:28,633 - core.sync_engine - WARNING - Failed to ingest item 1003: 500 - Internal Server Error
2025-11-20 16:45:28,645 - core.sync_engine - WARNING - Failed to ingest item 1004: 500 - Internal Server Error
2025-11-20 16:45:28,652 - core.sync_engine - WARNING - Failed to ingest item 1005: 500 - Internal Server Error
2025-11-20 16:45:28,665 - core.sync_engine - WARNING - Failed to ingest item 1006: 500 - Internal Server Error
2025-11-20 16:45:28,672 - core.sync_engine - WARNING - Failed to ingest item 1007: 500 - Internal Server Error
2025-11-20 16:45:28,677 - core.sync_engine - WARNING - Failed to ingest item 1008: 500 - Internal Server Error
2025-11-20 16:45:28,681 - core.sync_engine - WARNING - Failed to ingest item 1009: 500 - Internal Server Error
2025-11-20 16:45:28,686 - core.sync_engine - WARNING - Failed to ingest item 1010: 500 - Internal Server Error
2025-11-20 16:45:28,690 - core.sync_engine - WARNING - Failed to ingest item 1011: 500 - Internal Server Error
2025-11-20 16:45:28,695 - core.sync_engine - WARNING - Failed to ingest item 1012: 500 - Internal Server Error
2025-11-20 16:45:28,700 - core.sync_engine - WARNING - Failed to ingest item 1013: 500 - Internal Server Error
2025-11-20 16:45:28,704 - core.sync_engine - WARNING - Failed to ingest item 1014: 500 - Internal Server Error
2025-11-20 16:45:28,709 - core.sync_engine - WARNING - Failed to ingest item 1015: 500 - Internal Server Error
2025-11-20 16:45:28,715 - core.sync_engine - WARNING - Failed to ingest item 1016: 500 - Internal Server Error
2025-11-20 16:45:28,720 - core.sync_engine - WARNING - Failed to ingest item 1017: 500 - Internal Server Error
2025-11-20 16:45:28,725 - core.sync_engine - WARNING - Failed to ingest item 1018: 500 - Internal Server Error
2025-11-20 16:45:28,730 - core.sync_engine - WARNING - Failed to ingest item 1019: 500 - Internal Server Error
2025-11-20 16:45:28,734 - core.sync_engine - WARNING - Failed to ingest item 1020: 500 - Internal Server Error
2025-11-20 16:45:58,795 - core.sync_engine - WARNING - Failed to ingest item 1002: 500 - Internal Server Error
2025-11-20 16:45:58,807 - core.sync_engine - WARNING - Failed to ingest item 1003: 500 - Internal Server Error
2025-11-20 16:45:58,829 - core.sync_engine - WARNING - Failed to ingest item 1004: 500 - Internal Server Error
2025-11-20 16:45:58,840 - core.sync_engine - WARNING - Failed to ingest item 1005: 500 - Internal Server Error
2025-11-20 16:45:58,854 - core.sync_engine - WARNING - Failed to ingest item 1006: 500 - Internal Server Error
2025-11-20 16:45:58,869 - core.sync_engine - WARNING - Failed to ingest item 1007: 500 - Internal Server Error
2025-11-20 16:45:58,888 - core.sync_engine - WARNING - Failed to ingest item 1008: 500 - Internal Server Error
2025-11-20 16:45:58,903 - core.sync_engine - WARNING - Failed to ingest item 1009: 500 - Internal Server Error
2025-11-20 16:45:58,922 - core.sync_engine - WARNING - Failed to ingest item 1010: 500 - Internal Server Error
2025-11-20 16:45:58,934 - core.sync_engine - WARNING - Failed to ingest item 1011: 500 - Internal Server Error
2025-11-20 16:45:58,942 - core.sync_engine - WARNING - Failed to ingest item 1012: 500 - Internal Server Error
2025-11-20 16:45:58,952 - core.sync_engine - WARNING - Failed to ingest item 1013: 500 - Internal Server Error
2025-11-20 16:45:58,958 - core.sync_engine - WARNING - Failed to ingest item 1014: 500 - Internal Server Error
2025-11-20 16:45:58,968 - core.sync_engine - WARNING - Failed to ingest item 1015: 500 - Internal Server Error
2025-11-20 16:45:58,979 - core.sync_engine - WARNING - Failed to ingest item 1016: 500 - Internal Server Error
2025-11-20 16:45:58,991 - core.sync_engine - WARNING - Failed to ingest item 1017: 500 - Internal Server Error
2025-11-20 16:45:59,001 - core.sync_engine - WARNING - Failed to ingest item 1018: 500 - Internal Server Error
2025-11-20 16:45:59,008 - core.sync_engine - WARNING - Failed to ingest item 1019: 500 - Internal Server Error
2025-11-20 16:45:59,020 - core.sync_engine - WARNING - Failed to ingest item 1020: 500 - Internal Server Error
2025-11-20 16:45:59,029 - core.sync_engine - WARNING - Failed to ingest item 1021: 500 - Internal Server Error
2025-11-20 16:46:29,083 - core.sync_engine - WARNING - Failed to ingest item 1002: 500 - Internal Server Error
2025-11-20 16:46:29,100 - core.sync_engine - WARNING - Failed to ingest item 1003: 500 - Internal Server Error
2025-11-20 16:46:29,114 - core.sync_engine - WARNING - Failed to ingest item 1004: 500 - Internal Server Error
2025-11-20 16:46:29,139 - core.sync_engine - WARNING - Failed to ingest item 1005: 500 - Internal Server Error
2025-11-20 16:46:29,148 - core.sync_engine - WARNING - Failed to ingest item 1006: 500 - Internal Server Error
2025-11-20 16:46:29,156 - core.sync_engine - WARNING - Failed to ingest item 1007: 500 - Internal Server Error
2025-11-20 16:46:29,166 - core.sync_engine - WARNING - Failed to ingest item 1008: 500 - Internal Server Error
2025-11-20 16:46:29,179 - core.sync_engine - WARNING - Failed to ingest item 1009: 500 - Internal Server Error
2025-11-20 16:46:29,183 - core.sync_engine - WARNING - Failed to ingest item 1010: 500 - Internal Server Error
2025-11-20 16:46:29,190 - core.sync_engine - WARNING - Failed to ingest item 1011: 500 - Internal Server Error
2025-11-20 16:46:29,195 - core.sync_engine - WARNING - Failed to ingest item 1012: 500 - Internal Server Error
2025-11-20 16:46:29,199 - core.sync_engine - WARNING - Failed to ingest item 1013: 500 - Internal Server Error
2025-11-20 16:46:29,210 - core.sync_engine - WARNING - Failed to ingest item 1014: 500 - Internal Server Error
2025-11-20 16:46:29,214 - core.sync_engine - WARNING - Failed to ingest item 1015: 500 - Internal Server Error
2025-11-20 16:46:29,226 - core.sync_engine - WARNING - Failed to ingest item 1016: 500 - Internal Server Error
2025-11-20 16:46:29,234 - core.sync_engine - WARNING - Failed to ingest item 1017: 500 - Internal Server Error
2025-11-20 16:46:29,245 - core.sync_engine - WARNING - Failed to ingest item 1018: 500 - Internal Server Error
2025-11-20 16:46:29,253 - core.sync_engine - WARNING - Failed to ingest item 1019: 500 - Internal Server Error
2025-11-20 16:46:29,260 - core.sync_engine - WARNING - Failed to ingest item 1020: 500 - Internal Server Error
2025-11-20 16:46:29,265 - core.sync_engine - WARNING - Failed to ingest item 1021: 500 - Internal Server Error
2025-11-20 16:46:59,328 - core.sync_engine - WARNING - Failed to ingest item 1002: 500 - Internal Server Error
2025-11-20 16:46:59,348 - core.sync_engine - WARNING - Failed to ingest item 1003: 500 - Internal Server Error
2025-11-20 16:46:59,360 - core.sync_engine - WARNING - Failed to ingest item 1004: 500 - Internal Server Error
2025-11-20 16:46:59,367 - core.sync_engine - WARNING - Failed to ingest item 1005: 500 - Internal Server Error
2025-11-20 16:46:59,373 - core.sync_engine - WARNING - Failed to ingest item 1006: 500 - Internal Server Error
2025-11-20 16:46:59,380 - core.sync_engine - WARNING - Failed to ingest item 1007: 500 - Internal Server Error
2025-11-20 16:46:59,384 - core.sync_engine - WARNING - Failed to ingest item 1008: 500 - Internal Server Error
2025-11-20 16:46:59,389 - core.sync_engine - WARNING - Failed to ingest item 1009: 500 - Internal Server Error
2025-11-20 16:46:59,393 - core.sync_engine - WARNING - Failed to ingest item 1010: 500 - Internal Server Error
2025-11-20 16:46:59,398 - core.sync_engine - WARNING - Failed to ingest item 1011: 500 - Internal Server Error
2025-11-20 16:46:59,402 - core.sync_engine - WARNING - Failed to ingest item 1012: 500 - Internal Server Error
2025-11-20 16:46:59,407 - core.sync_engine - WARNING - Failed to ingest item 1013: 500 - Internal Server Error
2025-11-20 16:46:59,411 - core.sync_engine - WARNING - Failed to ingest item 1014: 500 - Internal Server Error
2025-11-20 16:46:59,415 - core.sync_engine - WARNING - Failed to ingest item 1015: 500 - Internal Server Error
2025-11-20 16:46:59,420 - core.sync_engine - WARNING - Failed to ingest item 1016: 500 - Internal Server Error
2025-11-20 16:46:59,423 - core.sync_engine - WARNING - Failed to ingest item 1017: 500 - Internal Server Error
2025-11-20 16:46:59,428 - core.sync_engine - WARNING - Failed to ingest item 1018: 500 - Internal Server Error
2025-11-20 16:46:59,432 - core.sync_engine - WARNING - Failed to ingest item 1019: 500 - Internal Server Error
2025-11-20 16:46:59,436 - core.sync_engine - WARNING - Failed to ingest item 1020: 500 - Internal Server Error
2025-11-20 16:46:59,439 - core.sync_engine - WARNING - Failed to ingest item 1021: 500 - Internal Server Error
2025-11-20 16:46:59,443 - core.sync_engine - WARNING - Failed to ingest item 1022: 500 - Internal Server Error
2025-11-20 16:47:29,536 - core.sync_engine - WARNING - Failed to ingest item 1002: 500 - Internal Server Error
2025-11-20 16:47:29,548 - core.sync_engine - WARNING - Failed to ingest item 1003: 500 - Internal Server Error
2025-11-20 16:47:29,569 - core.sync_engine - WARNING - Failed to ingest item 1004: 500 - Internal Server Error
2025-11-20 16:47:29,575 - core.sync_engine - WARNING - Failed to ingest item 1005: 500 - Internal Server Error
2025-11-20 16:47:29,580 - core.sync_engine - WARNING - Failed to ingest item 1006: 500 - Internal Server Error
2025-11-20 16:47:29,586 - core.sync_engine - WARNING - Failed to ingest item 1007: 500 - Internal Server Error
2025-11-20 16:47:29,591 - core.sync_engine - WARNING - Failed to ingest item 1008: 500 - Internal Server Error
2025-11-20 16:47:29,600 - core.sync_engine - WARNING - Failed to ingest item 1009: 500 - Internal Server Error
2025-11-20 16:47:29,610 - core.sync_engine - WARNING - Failed to ingest item 1010: 500 - Internal Server Error
2025-11-20 16:47:29,616 - core.sync_engine - WARNING - Failed to ingest item 1011: 500 - Internal Server Error
2025-11-20 16:47:29,622 - core.sync_engine - WARNING - Failed to ingest item 1012: 500 - Internal Server Error
2025-11-20 16:47:29,628 - core.sync_engine - WARNING - Failed to ingest item 1013: 500 - Internal Server Error
2025-11-20 16:47:29,639 - core.sync_engine - WARNING - Failed to ingest item 1014: 500 - Internal Server Error
2025-11-20 16:47:29,645 - core.sync_engine - WARNING - Failed to ingest item 1015: 500 - Internal Server Error
2025-11-20 16:47:29,649 - core.sync_engine - WARNING - Failed to ingest item 1016: 500 - Internal Server Error
2025-11-20 16:47:29,654 - core.sync_engine - WARNING - Failed to ingest item 1017: 500 - Internal Server Error
2025-11-20 16:47:29,659 - core.sync_engine - WARNING - Failed to ingest item 1018: 500 - Internal Server Error
2025-11-20 16:47:29,664 - core.sync_engine - WARNING - Failed to ingest item 1019: 500 - Internal Server Error
2025-11-20 16:47:29,668 - core.sync_engine - WARNING - Failed to ingest item 1020: 500 - Internal Server Error
2025-11-20 16:47:29,675 - core.sync_engine - WARNING - Failed to ingest item 1021: 500 - Internal Server Error
2025-11-20 16:47:29,681 - core.sync_engine - WARNING - Failed to ingest item 1022: 500 - Internal Server Error
2025-11-20 16:47:29,686 - core.sync_engine - WARNING - Failed to ingest item 1023: 500 - Internal Server Error
2025-11-20 16:47:59,729 - core.sync_engine - WARNING - Failed to ingest item 1002: 500 - Internal Server Error
2025-11-20 16:47:59,775 - core.sync_engine - WARNING - Failed to ingest item 1003: 500 - Internal Server Error
2025-11-20 16:47:59,782 - core.sync_engine - WARNING - Failed to ingest item 1004: 500 - Internal Server Error
2025-11-20 16:47:59,795 - core.sync_engine - WARNING - Failed to ingest item 1005: 500 - Internal Server Error
2025-11-20 16:47:59,864 - core.sync_engine - WARNING - Failed to ingest item 1006: 500 - Internal Server Error
2025-11-20 16:47:59,885 - core.sync_engine - WARNING - Failed to ingest item 1007: 500 - Internal Server Error
2025-11-20 16:47:59,890 - core.sync_engine - WARNING - Failed to ingest item 1008: 500 - Internal Server Error
2025-11-20 16:47:59,895 - core.sync_engine - WARNING - Failed to ingest item 1009: 500 - Internal Server Error
2025-11-20 16:47:59,900 - core.sync_engine - WARNING - Failed to ingest item 1010: 500 - Internal Server Error
2025-11-20 16:47:59,904 - core.sync_engine - WARNING - Failed to ingest item 1011: 500 - Internal Server Error
2025-11-20 16:47:59,909 - core.sync_engine - WARNING - Failed to ingest item 1012: 500 - Internal Server Error
2025-11-20 16:47:59,913 - core.sync_engine - WARNING - Failed to ingest item 1013: 500 - Internal Server Error
2025-11-20 16:47:59,918 - core.sync_engine - WARNING - Failed to ingest item 1014: 500 - Internal Server Error
2025-11-20 16:47:59,923 - core.sync_engine - WARNING - Failed to ingest item 1015: 500 - Internal Server Error
2025-11-20 16:47:59,929 - core.sync_engine - WARNING - Failed to ingest item 1016: 500 - Internal Server Error
2025-11-20 16:47:59,936 - core.sync_engine - WARNING - Failed to ingest item 1017: 500 - Internal Server Error
2025-11-20 16:47:59,944 - core.sync_engine - WARNING - Failed to ingest item 1018: 500 - Internal Server Error
2025-11-20 16:47:59,948 - core.sync_engine - WARNING - Failed to ingest item 1019: 500 - Internal Server Error
2025-11-20 16:47:59,956 - core.sync_engine - WARNING - Failed to ingest item 1020: 500 - Internal Server Error
2025-11-20 16:47:59,962 - core.sync_engine - WARNING - Failed to ingest item 1021: 500 - Internal Server Error
2025-11-20 16:47:59,966 - core.sync_engine - WARNING - Failed to ingest item 1022: 500 - Internal Server Error
2025-11-20 16:47:59,970 - core.sync_engine - WARNING - Failed to ingest item 1023: 500 - Internal Server Error
2025-11-20 16:47:59,974 - core.sync_engine - WARNING - Failed to ingest item 1024: 500 - Internal Server Error
2025-11-20 16:48:30,026 - core.sync_engine - WARNING - Failed to ingest item 1002: 500 - Internal Server Error
2025-11-20 16:48:30,044 - core.sync_engine - WARNING - Failed to ingest item 1003: 500 - Internal Server Error
2025-11-20 16:48:30,060 - core.sync_engine - WARNING - Failed to ingest item 1004: 500 - Internal Server Error
2025-11-20 16:48:30,067 - core.sync_engine - WARNING - Failed to ingest item 1005: 500 - Internal Server Error
2025-11-20 16:48:30,072 - core.sync_engine - WARNING - Failed to ingest item 1006: 500 - Internal Server Error
2025-11-20 16:48:30,077 - core.sync_engine - WARNING - Failed to ingest item 1007: 500 - Internal Server Error
2025-11-20 16:48:30,085 - core.sync_engine - WARNING - Failed to ingest item 1008: 500 - Internal Server Error
2025-11-20 16:48:30,095 - core.sync_engine - WARNING - Failed to ingest item 1009: 500 - Internal Server Error
2025-11-20 16:48:30,103 - core.sync_engine - WARNING - Failed to ingest item 1010: 500 - Internal Server Error
2025-11-20 16:48:30,112 - core.sync_engine - WARNING - Failed to ingest item 1011: 500 - Internal Server Error
2025-11-20 16:48:30,120 - core.sync_engine - WARNING - Failed to ingest item 1012: 500 - Internal Server Error
2025-11-20 16:48:30,129 - core.sync_engine - WARNING - Failed to ingest item 1013: 500 - Internal Server Error
2025-11-20 16:48:30,140 - core.sync_engine - WARNING - Failed to ingest item 1014: 500 - Internal Server Error
2025-11-20 16:48:30,148 - core.sync_engine - WARNING - Failed to ingest item 1015: 500 - Internal Server Error
2025-11-20 16:48:30,158 - core.sync_engine - WARNING - Failed to ingest item 1016: 500 - Internal Server Error
2025-11-20 16:48:30,164 - core.sync_engine - WARNING - Failed to ingest item 1017: 500 - Internal Server Error
2025-11-20 16:48:30,174 - core.sync_engine - WARNING - Failed to ingest item 1018: 500 - Internal Server Error
2025-11-20 16:48:30,181 - core.sync_engine - WARNING - Failed to ingest item 1019: 500 - Internal Server Error
2025-11-20 16:48:30,193 - core.sync_engine - WARNING - Failed to ingest item 1020: 500 - Internal Server Error
2025-11-20 16:48:30,203 - core.sync_engine - WARNING - Failed to ingest item 1021: 500 - Internal Server Error
2025-11-20 16:48:30,212 - core.sync_engine - WARNING - Failed to ingest item 1022: 500 - Internal Server Error
2025-11-20 16:48:30,220 - core.sync_engine - WARNING - Failed to ingest item 1023: 500 - Internal Server Error
2025-11-20 16:48:30,227 - core.sync_engine - WARNING - Failed to ingest item 1024: 500 - Internal Server Error
2025-11-20 16:48:30,232 - core.sync_engine - WARNING - Failed to ingest item 1025: 500 - Internal Server Error
2025-11-20 16:49:00,288 - core.sync_engine - WARNING - Failed to ingest item 1002: 500 - Internal Server Error
2025-11-20 16:49:00,298 - core.sync_engine - WARNING - Failed to ingest item 1003: 500 - Internal Server Error
2025-11-20 16:49:00,308 - core.sync_engine - WARNING - Failed to ingest item 1004: 500 - Internal Server Error
2025-11-20 16:49:00,314 - core.sync_engine - WARNING - Failed to ingest item 1005: 500 - Internal Server Error
2025-11-20 16:49:00,320 - core.sync_engine - WARNING - Failed to ingest item 1006: 500 - Internal Server Error
2025-11-20 16:49:00,326 - core.sync_engine - WARNING - Failed to ingest item 1007: 500 - Internal Server Error
2025-11-20 16:49:00,333 - core.sync_engine - WARNING - Failed to ingest item 1008: 500 - Internal Server Error
2025-11-20 16:49:00,338 - core.sync_engine - WARNING - Failed to ingest item 1009: 500 - Internal Server Error
2025-11-20 16:49:00,344 - core.sync_engine - WARNING - Failed to ingest item 1010: 500 - Internal Server Error
2025-11-20 16:49:00,350 - core.sync_engine - WARNING - Failed to ingest item 1011: 500 - Internal Server Error
2025-11-20 16:49:00,357 - core.sync_engine - WARNING - Failed to ingest item 1012: 500 - Internal Server Error
2025-11-20 16:49:00,364 - core.sync_engine - WARNING - Failed to ingest item 1013: 500 - Internal Server Error
2025-11-20 16:49:00,369 - core.sync_engine - WARNING - Failed to ingest item 1014: 500 - Internal Server Error
2025-11-20 16:49:00,373 - core.sync_engine - WARNING - Failed to ingest item 1015: 500 - Internal Server Error
2025-11-20 16:49:00,377 - core.sync_engine - WARNING - Failed to ingest item 1016: 500 - Internal Server Error
2025-11-20 16:49:00,383 - core.sync_engine - WARNING - Failed to ingest item 1017: 500 - Internal Server Error
2025-11-20 16:49:00,387 - core.sync_engine - WARNING - Failed to ingest item 1018: 500 - Internal Server Error
2025-11-20 16:49:00,392 - core.sync_engine - WARNING - Failed to ingest item 1019: 500 - Internal Server Error
2025-11-20 16:49:00,398 - core.sync_engine - WARNING - Failed to ingest item 1020: 500 - Internal Server Error
2025-11-20 16:49:00,403 - core.sync_engine - WARNING - Failed to ingest item 1021: 500 - Internal Server Error
2025-11-20 16:49:00,408 - core.sync_engine - WARNING - Failed to ingest item 1022: 500 - Internal Server Error
2025-11-20 16:49:00,415 - core.sync_engine - WARNING - Failed to ingest item 1023: 500 - Internal Server Error
2025-11-20 16:49:00,419 - core.sync_engine - WARNING - Failed to ingest item 1024: 500 - Internal Server Error
2025-11-20 16:49:00,424 - core.sync_engine - WARNING - Failed to ingest item 1025: 500 - Internal Server Error
2025-11-20 16:49:00,429 - core.sync_engine - WARNING - Failed to ingest item 1026: 500 - Internal Server Error
2025-11-20 16:49:30,458 - core.sync_engine - WARNING - Failed to ingest item 1002: 500 - Internal Server Error
2025-11-20 16:49:30,478 - core.sync_engine - WARNING - Failed to ingest item 1003: 500 - Internal Server Error
2025-11-20 16:49:30,484 - core.sync_engine - WARNING - Failed to ingest item 1004: 500 - Internal Server Error
2025-11-20 16:49:30,492 - core.sync_engine - WARNING - Failed to ingest item 1005: 500 - Internal Server Error
2025-11-20 16:49:30,500 - core.sync_engine - WARNING - Failed to ingest item 1006: 500 - Internal Server Error
2025-11-20 16:49:30,505 - core.sync_engine - WARNING - Failed to ingest item 1007: 500 - Internal Server Error
2025-11-20 16:49:30,510 - core.sync_engine - WARNING - Failed to ingest item 1008: 500 - Internal Server Error
2025-11-20 16:49:30,515 - core.sync_engine - WARNING - Failed to ingest item 1009: 500 - Internal Server Error
2025-11-20 16:49:30,519 - core.sync_engine - WARNING - Failed to ingest item 1010: 500 - Internal Server Error
2025-11-20 16:49:30,523 - core.sync_engine - WARNING - Failed to ingest item 1011: 500 - Internal Server Error
2025-11-20 16:49:30,528 - core.sync_engine - WARNING - Failed to ingest item 1012: 500 - Internal Server Error
2025-11-20 16:49:30,532 - core.sync_engine - WARNING - Failed to ingest item 1013: 500 - Internal Server Error
2025-11-20 16:49:30,537 - core.sync_engine - WARNING - Failed to ingest item 1014: 500 - Internal Server Error
2025-11-20 16:49:30,541 - core.sync_engine - WARNING - Failed to ingest item 1015: 500 - Internal Server Error
2025-11-20 16:49:30,545 - core.sync_engine - WARNING - Failed to ingest item 1016: 500 - Internal Server Error
2025-11-20 16:49:30,549 - core.sync_engine - WARNING - Failed to ingest item 1017: 500 - Internal Server Error
2025-11-20 16:49:30,554 - core.sync_engine - WARNING - Failed to ingest item 1018: 500 - Internal Server Error
2025-11-20 16:49:30,557 - core.sync_engine - WARNING - Failed to ingest item 1019: 500 - Internal Server Error
2025-11-20 16:49:30,561 - core.sync_engine - WARNING - Failed to ingest item 1020: 500 - Internal Server Error
2025-11-20 16:49:30,565 - core.sync_engine - WARNING - Failed to ingest item 1021: 500 - Internal Server Error
2025-11-20 16:49:30,569 - core.sync_engine - WARNING - Failed to ingest item 1022: 500 - Internal Server Error
2025-11-20 16:49:30,572 - core.sync_engine - WARNING - Failed to ingest item 1023: 500 - Internal Server Error
2025-11-20 16:49:30,577 - core.sync_engine - WARNING - Failed to ingest item 1024: 500 - Internal Server Error
2025-11-20 16:49:30,580 - core.sync_engine - WARNING - Failed to ingest item 1025: 500 - Internal Server Error
2025-11-20 16:49:30,585 - core.sync_engine - WARNING - Failed to ingest item 1026: 500 - Internal Server Error
2025-11-20 16:50:00,605 - core.sync_engine - WARNING - Failed to ingest item 1002: 500 - Internal Server Error
2025-11-20 16:50:00,616 - core.sync_engine - WARNING - Failed to ingest item 1003: 500 - Internal Server Error
2025-11-20 16:50:00,627 - core.sync_engine - WARNING - Failed to ingest item 1004: 500 - Internal Server Error
2025-11-20 16:50:00,635 - core.sync_engine - WARNING - Failed to ingest item 1005: 500 - Internal Server Error
2025-11-20 16:50:00,643 - core.sync_engine - WARNING - Failed to ingest item 1006: 500 - Internal Server Error
2025-11-20 16:50:00,650 - core.sync_engine - WARNING - Failed to ingest item 1007: 500 - Internal Server Error
2025-11-20 16:50:00,655 - core.sync_engine - WARNING - Failed to ingest item 1008: 500 - Internal Server Error
2025-11-20 16:50:00,660 - core.sync_engine - WARNING - Failed to ingest item 1009: 500 - Internal Server Error
2025-11-20 16:50:00,664 - core.sync_engine - WARNING - Failed to ingest item 1010: 500 - Internal Server Error
2025-11-20 16:50:00,669 - core.sync_engine - WARNING - Failed to ingest item 1011: 500 - Internal Server Error
2025-11-20 16:50:00,674 - core.sync_engine - WARNING - Failed to ingest item 1012: 500 - Internal Server Error
2025-11-20 16:50:00,679 - core.sync_engine - WARNING - Failed to ingest item 1013: 500 - Internal Server Error
2025-11-20 16:50:00,683 - core.sync_engine - WARNING - Failed to ingest item 1014: 500 - Internal Server Error
2025-11-20 16:50:00,688 - core.sync_engine - WARNING - Failed to ingest item 1015: 500 - Internal Server Error
2025-11-20 16:50:00,692 - core.sync_engine - WARNING - Failed to ingest item 1016: 500 - Internal Server Error
2025-11-20 16:50:00,695 - core.sync_engine - WARNING - Failed to ingest item 1017: 500 - Internal Server Error
2025-11-20 16:50:00,700 - core.sync_engine - WARNING - Failed to ingest item 1018: 500 - Internal Server Error
2025-11-20 16:50:00,703 - core.sync_engine - WARNING - Failed to ingest item 1019: 500 - Internal Server Error
2025-11-20 16:50:00,707 - core.sync_engine - WARNING - Failed to ingest item 1020: 500 - Internal Server Error
2025-11-20 16:50:00,711 - core.sync_engine - WARNING - Failed to ingest item 1021: 500 - Internal Server Error
2025-11-20 16:50:00,716 - core.sync_engine - WARNING - Failed to ingest item 1022: 500 - Internal Server Error
2025-11-20 16:50:00,720 - core.sync_engine - WARNING - Failed to ingest item 1023: 500 - Internal Server Error
2025-11-20 16:50:00,724 - core.sync_engine - WARNING - Failed to ingest item 1024: 500 - Internal Server Error
2025-11-20 16:50:00,728 - core.sync_engine - WARNING - Failed to ingest item 1025: 500 - Internal Server Error
2025-11-20 16:50:00,732 - core.sync_engine - WARNING - Failed to ingest item 1026: 500 - Internal Server Error
2025-11-20 16:50:00,737 - core.sync_engine - WARNING - Failed to ingest item 1027: 500 - Internal Server Error
2025-11-20 16:50:30,787 - core.sync_engine - WARNING - Failed to ingest item 1002: 500 - Internal Server Error
2025-11-20 16:50:30,796 - core.sync_engine - WARNING - Failed to ingest item 1003: 500 - Internal Server Error
2025-11-20 16:50:30,804 - core.sync_engine - WARNING - Failed to ingest item 1004: 500 - Internal Server Error
2025-11-20 16:50:30,814 - core.sync_engine - WARNING - Failed to ingest item 1005: 500 - Internal Server Error
2025-11-20 16:50:30,819 - core.sync_engine - WARNING - Failed to ingest item 1006: 500 - Internal Server Error
2025-11-20 16:50:30,827 - core.sync_engine - WARNING - Failed to ingest item 1007: 500 - Internal Server Error
2025-11-20 16:50:30,834 - core.sync_engine - WARNING - Failed to ingest item 1008: 500 - Internal Server Error
2025-11-20 16:50:30,838 - core.sync_engine - WARNING - Failed to ingest item 1009: 500 - Internal Server Error
2025-11-20 16:50:30,842 - core.sync_engine - WARNING - Failed to ingest item 1010: 500 - Internal Server Error
2025-11-20 16:50:30,846 - core.sync_engine - WARNING - Failed to ingest item 1011: 500 - Internal Server Error
2025-11-20 16:50:30,850 - core.sync_engine - WARNING - Failed to ingest item 1012: 500 - Internal Server Error
2025-11-20 16:50:30,853 - core.sync_engine - WARNING - Failed to ingest item 1013: 500 - Internal Server Error
2025-11-20 16:50:30,857 - core.sync_engine - WARNING - Failed to ingest item 1014: 500 - Internal Server Error
2025-11-20 16:50:30,861 - core.sync_engine - WARNING - Failed to ingest item 1015: 500 - Internal Server Error
2025-11-20 16:50:30,864 - core.sync_engine - WARNING - Failed to ingest item 1016: 500 - Internal Server Error
2025-11-20 16:50:30,868 - core.sync_engine - WARNING - Failed to ingest item 1017: 500 - Internal Server Error
2025-11-20 16:50:30,872 - core.sync_engine - WARNING - Failed to ingest item 1018: 500 - Internal Server Error
2025-11-20 16:50:30,876 - core.sync_engine - WARNING - Failed to ingest item 1019: 500 - Internal Server Error
2025-11-20 16:50:30,880 - core.sync_engine - WARNING - Failed to ingest item 1020: 500 - Internal Server Error
2025-11-20 16:50:30,883 - core.sync_engine - WARNING - Failed to ingest item 1021: 500 - Internal Server Error
2025-11-20 16:50:30,888 - core.sync_engine - WARNING - Failed to ingest item 1022: 500 - Internal Server Error
2025-11-20 16:50:30,891 - core.sync_engine - WARNING - Failed to ingest item 1023: 500 - Internal Server Error
2025-11-20 16:50:30,895 - core.sync_engine - WARNING - Failed to ingest item 1024: 500 - Internal Server Error
2025-11-20 16:50:30,900 - core.sync_engine - WARNING - Failed to ingest item 1025: 500 - Internal Server Error
2025-11-20 16:50:30,904 - core.sync_engine - WARNING - Failed to ingest item 1026: 500 - Internal Server Error
2025-11-20 16:50:30,907 - core.sync_engine - WARNING - Failed to ingest item 1027: 500 - Internal Server Error
2025-11-20 16:51:00,930 - core.sync_engine - WARNING - Failed to ingest item 1002: 500 - Internal Server Error
2025-11-20 16:51:00,942 - core.sync_engine - WARNING - Failed to ingest item 1003: 500 - Internal Server Error
2025-11-20 16:51:00,951 - core.sync_engine - WARNING - Failed to ingest item 1004: 500 - Internal Server Error
2025-11-20 16:51:00,961 - core.sync_engine - WARNING - Failed to ingest item 1005: 500 - Internal Server Error
2025-11-20 16:51:00,968 - core.sync_engine - WARNING - Failed to ingest item 1006: 500 - Internal Server Error
2025-11-20 16:51:00,975 - core.sync_engine - WARNING - Failed to ingest item 1007: 500 - Internal Server Error
2025-11-20 16:51:01,054 - core.sync_engine - WARNING - Failed to ingest item 1008: 500 - Internal Server Error
2025-11-20 16:51:01,059 - core.sync_engine - WARNING - Failed to ingest item 1009: 500 - Internal Server Error
2025-11-20 16:51:01,063 - core.sync_engine - WARNING - Failed to ingest item 1010: 500 - Internal Server Error
2025-11-20 16:51:01,067 - core.sync_engine - WARNING - Failed to ingest item 1011: 500 - Internal Server Error
2025-11-20 16:51:01,070 - core.sync_engine - WARNING - Failed to ingest item 1012: 500 - Internal Server Error
2025-11-20 16:51:01,075 - core.sync_engine - WARNING - Failed to ingest item 1013: 500 - Internal Server Error
2025-11-20 16:51:01,078 - core.sync_engine - WARNING - Failed to ingest item 1014: 500 - Internal Server Error
2025-11-20 16:51:01,082 - core.sync_engine - WARNING - Failed to ingest item 1015: 500 - Internal Server Error
2025-11-20 16:51:01,085 - core.sync_engine - WARNING - Failed to ingest item 1016: 500 - Internal Server Error
2025-11-20 16:51:01,090 - core.sync_engine - WARNING - Failed to ingest item 1017: 500 - Internal Server Error
2025-11-20 16:51:01,093 - core.sync_engine - WARNING - Failed to ingest item 1018: 500 - Internal Server Error
2025-11-20 16:51:01,097 - core.sync_engine - WARNING - Failed to ingest item 1019: 500 - Internal Server Error
2025-11-20 16:51:01,100 - core.sync_engine - WARNING - Failed to ingest item 1020: 500 - Internal Server Error
2025-11-20 16:51:01,104 - core.sync_engine - WARNING - Failed to ingest item 1021: 500 - Internal Server Error
2025-11-20 16:51:01,109 - core.sync_engine - WARNING - Failed to ingest item 1022: 500 - Internal Server Error
2025-11-20 16:51:01,113 - core.sync_engine - WARNING - Failed to ingest item 1023: 500 - Internal Server Error
2025-11-20 16:51:01,116 - core.sync_engine - WARNING - Failed to ingest item 1024: 500 - Internal Server Error
2025-11-20 16:51:01,120 - core.sync_engine - WARNING - Failed to ingest item 1025: 500 - Internal Server Error
2025-11-20 16:51:01,124 - core.sync_engine - WARNING - Failed to ingest item 1026: 500 - Internal Server Error
2025-11-20 16:51:01,128 - core.sync_engine - WARNING - Failed to ingest item 1027: 500 - Internal Server Error
2025-11-20 16:51:31,154 - core.sync_engine - WARNING - Failed to ingest item 1002: 500 - Internal Server Error
2025-11-20 16:51:31,166 - core.sync_engine - WARNING - Failed to ingest item 1003: 500 - Internal Server Error
2025-11-20 16:51:31,173 - core.sync_engine - WARNING - Failed to ingest item 1004: 500 - Internal Server Error
2025-11-20 16:51:31,180 - core.sync_engine - WARNING - Failed to ingest item 1005: 500 - Internal Server Error
2025-11-20 16:51:31,186 - core.sync_engine - WARNING - Failed to ingest item 1006: 500 - Internal Server Error
2025-11-20 16:51:31,201 - core.sync_engine - WARNING - Failed to ingest item 1007: 500 - Internal Server Error
2025-11-20 16:51:31,209 - core.sync_engine - WARNING - Failed to ingest item 1008: 500 - Internal Server Error
2025-11-20 16:51:31,213 - core.sync_engine - WARNING - Failed to ingest item 1009: 500 - Internal Server Error
2025-11-20 16:51:31,219 - core.sync_engine - WARNING - Failed to ingest item 1010: 500 - Internal Server Error
2025-11-20 16:51:31,224 - core.sync_engine - WARNING - Failed to ingest item 1011: 500 - Internal Server Error
2025-11-20 16:51:31,228 - core.sync_engine - WARNING - Failed to ingest item 1012: 500 - Internal Server Error
2025-11-20 16:51:31,232 - core.sync_engine - WARNING - Failed to ingest item 1013: 500 - Internal Server Error
2025-11-20 16:51:31,237 - core.sync_engine - WARNING - Failed to ingest item 1014: 500 - Internal Server Error
2025-11-20 16:51:31,242 - core.sync_engine - WARNING - Failed to ingest item 1015: 500 - Internal Server Error
2025-11-20 16:51:31,246 - core.sync_engine - WARNING - Failed to ingest item 1016: 500 - Internal Server Error
2025-11-20 16:51:31,251 - core.sync_engine - WARNING - Failed to ingest item 1017: 500 - Internal Server Error
2025-11-20 16:51:31,255 - core.sync_engine - WARNING - Failed to ingest item 1018: 500 - Internal Server Error
2025-11-20 16:51:31,262 - core.sync_engine - WARNING - Failed to ingest item 1019: 500 - Internal Server Error
2025-11-20 16:51:31,265 - core.sync_engine - WARNING - Failed to ingest item 1020: 500 - Internal Server Error
2025-11-20 16:51:31,270 - core.sync_engine - WARNING - Failed to ingest item 1021: 500 - Internal Server Error
2025-11-20 16:51:31,275 - core.sync_engine - WARNING - Failed to ingest item 1022: 500 - Internal Server Error
2025-11-20 16:51:31,280 - core.sync_engine - WARNING - Failed to ingest item 1023: 500 - Internal Server Error
2025-11-20 16:51:31,287 - core.sync_engine - WARNING - Failed to ingest item 1024: 500 - Internal Server Error
2025-11-20 16:51:31,291 - core.sync_engine - WARNING - Failed to ingest item 1025: 500 - Internal Server Error
2025-11-20 16:51:31,296 - core.sync_engine - WARNING - Failed to ingest item 1026: 500 - Internal Server Error
2025-11-20 16:51:31,300 - core.sync_engine - WARNING - Failed to ingest item 1027: 500 - Internal Server Error
2025-11-20 16:51:31,305 - core.sync_engine - WARNING - Failed to ingest item 1028: 500 - Internal Server Error
2025-11-20 16:52:01,324 - core.sync_engine - WARNING - Failed to ingest item 1002: 500 - Internal Server Error
2025-11-20 16:52:01,344 - core.sync_engine - WARNING - Failed to ingest item 1003: 500 - Internal Server Error
2025-11-20 16:52:01,353 - core.sync_engine - WARNING - Failed to ingest item 1004: 500 - Internal Server Error
2025-11-20 16:52:01,362 - core.sync_engine - WARNING - Failed to ingest item 1005: 500 - Internal Server Error
2025-11-20 16:52:01,368 - core.sync_engine - WARNING - Failed to ingest item 1006: 500 - Internal Server Error
2025-11-20 16:52:01,374 - core.sync_engine - WARNING - Failed to ingest item 1007: 500 - Internal Server Error
2025-11-20 16:52:01,380 - core.sync_engine - WARNING - Failed to ingest item 1008: 500 - Internal Server Error
2025-11-20 16:52:01,385 - core.sync_engine - WARNING - Failed to ingest item 1009: 500 - Internal Server Error
2025-11-20 16:52:01,389 - core.sync_engine - WARNING - Failed to ingest item 1010: 500 - Internal Server Error
2025-11-20 16:52:01,393 - core.sync_engine - WARNING - Failed to ingest item 1011: 500 - Internal Server Error
2025-11-20 16:52:01,397 - core.sync_engine - WARNING - Failed to ingest item 1012: 500 - Internal Server Error
2025-11-20 16:52:01,401 - core.sync_engine - WARNING - Failed to ingest item 1013: 500 - Internal Server Error
2025-11-20 16:52:01,405 - core.sync_engine - WARNING - Failed to ingest item 1014: 500 - Internal Server Error
2025-11-20 16:52:01,409 - core.sync_engine - WARNING - Failed to ingest item 1015: 500 - Internal Server Error
2025-11-20 16:52:01,413 - core.sync_engine - WARNING - Failed to ingest item 1016: 500 - Internal Server Error
2025-11-20 16:52:01,418 - core.sync_engine - WARNING - Failed to ingest item 1017: 500 - Internal Server Error
2025-11-20 16:52:01,425 - core.sync_engine - WARNING - Failed to ingest item 1018: 500 - Internal Server Error
2025-11-20 16:52:01,429 - core.sync_engine - WARNING - Failed to ingest item 1019: 500 - Internal Server Error
2025-11-20 16:52:01,433 - core.sync_engine - WARNING - Failed to ingest item 1020: 500 - Internal Server Error
2025-11-20 16:52:01,437 - core.sync_engine - WARNING - Failed to ingest item 1021: 500 - Internal Server Error
2025-11-20 16:52:01,441 - core.sync_engine - WARNING - Failed to ingest item 1022: 500 - Internal Server Error
2025-11-20 16:52:01,445 - core.sync_engine - WARNING - Failed to ingest item 1023: 500 - Internal Server Error
2025-11-20 16:52:01,449 - core.sync_engine - WARNING - Failed to ingest item 1024: 500 - Internal Server Error
2025-11-20 16:52:01,453 - core.sync_engine - WARNING - Failed to ingest item 1025: 500 - Internal Server Error
2025-11-20 16:52:01,458 - core.sync_engine - WARNING - Failed to ingest item 1026: 500 - Internal Server Error
2025-11-20 16:52:01,462 - core.sync_engine - WARNING - Failed to ingest item 1027: 500 - Internal Server Error
2025-11-20 16:52:01,467 - core.sync_engine - WARNING - Failed to ingest item 1028: 500 - Internal Server Error
2025-11-20 16:52:01,471 - core.sync_engine - WARNING - Failed to ingest item 1029: 500 - Internal Server Error
2025-11-20 16:52:31,520 - core.sync_engine - WARNING - Failed to ingest item 1002: 500 - Internal Server Error
2025-11-20 16:52:31,535 - core.sync_engine - WARNING - Failed to ingest item 1003: 500 - Internal Server Error
2025-11-20 16:52:31,556 - core.sync_engine - WARNING - Failed to ingest item 1004: 500 - Internal Server Error
2025-11-20 16:52:31,568 - core.sync_engine - WARNING - Failed to ingest item 1005: 500 - Internal Server Error
2025-11-20 16:52:31,574 - core.sync_engine - WARNING - Failed to ingest item 1006: 500 - Internal Server Error
2025-11-20 16:52:31,580 - core.sync_engine - WARNING - Failed to ingest item 1007: 500 - Internal Server Error
2025-11-20 16:52:31,586 - core.sync_engine - WARNING - Failed to ingest item 1008: 500 - Internal Server Error
2025-11-20 16:52:31,591 - core.sync_engine - WARNING - Failed to ingest item 1009: 500 - Internal Server Error
2025-11-20 16:52:31,602 - core.sync_engine - WARNING - Failed to ingest item 1010: 500 - Internal Server Error
2025-11-20 16:52:31,606 - core.sync_engine - WARNING - Failed to ingest item 1011: 500 - Internal Server Error
2025-11-20 16:52:31,612 - core.sync_engine - WARNING - Failed to ingest item 1012: 500 - Internal Server Error
2025-11-20 16:52:31,616 - core.sync_engine - WARNING - Failed to ingest item 1013: 500 - Internal Server Error
2025-11-20 16:52:31,623 - core.sync_engine - WARNING - Failed to ingest item 1014: 500 - Internal Server Error
2025-11-20 16:52:31,630 - core.sync_engine - WARNING - Failed to ingest item 1015: 500 - Internal Server Error
2025-11-20 16:52:31,634 - core.sync_engine - WARNING - Failed to ingest item 1016: 500 - Internal Server Error
2025-11-20 16:52:31,639 - core.sync_engine - WARNING - Failed to ingest item 1017: 500 - Internal Server Error
2025-11-20 16:52:31,644 - core.sync_engine - WARNING - Failed to ingest item 1018: 500 - Internal Server Error
2025-11-20 16:52:31,647 - core.sync_engine - WARNING - Failed to ingest item 1019: 500 - Internal Server Error
2025-11-20 16:52:31,654 - core.sync_engine - WARNING - Failed to ingest item 1020: 500 - Internal Server Error
2025-11-20 16:52:31,659 - core.sync_engine - WARNING - Failed to ingest item 1021: 500 - Internal Server Error
2025-11-20 16:52:31,664 - core.sync_engine - WARNING - Failed to ingest item 1022: 500 - Internal Server Error
2025-11-20 16:52:31,669 - core.sync_engine - WARNING - Failed to ingest item 1023: 500 - Internal Server Error
2025-11-20 16:52:31,674 - core.sync_engine - WARNING - Failed to ingest item 1024: 500 - Internal Server Error
2025-11-20 16:52:31,679 - core.sync_engine - WARNING - Failed to ingest item 1025: 500 - Internal Server Error
2025-11-20 16:52:31,683 - core.sync_engine - WARNING - Failed to ingest item 1026: 500 - Internal Server Error
2025-11-20 16:52:31,688 - core.sync_engine - WARNING - Failed to ingest item 1027: 500 - Internal Server Error
2025-11-20 16:52:31,692 - core.sync_engine - WARNING - Failed to ingest item 1028: 500 - Internal Server Error
2025-11-20 16:52:31,697 - core.sync_engine - WARNING - Failed to ingest item 1029: 500 - Internal Server Error
2025-11-20 16:52:31,701 - core.sync_engine - WARNING - Failed to ingest item 1030: 500 - Internal Server Error
2025-11-20 16:53:01,726 - core.sync_engine - WARNING - Failed to ingest item 1002: 500 - Internal Server Error
2025-11-20 16:53:01,733 - core.sync_engine - WARNING - Failed to ingest item 1003: 500 - Internal Server Error
2025-11-20 16:53:01,742 - core.sync_engine - WARNING - Failed to ingest item 1004: 500 - Internal Server Error
2025-11-20 16:53:01,752 - core.sync_engine - WARNING - Failed to ingest item 1005: 500 - Internal Server Error
2025-11-20 16:53:01,760 - core.sync_engine - WARNING - Failed to ingest item 1006: 500 - Internal Server Error
2025-11-20 16:53:01,770 - core.sync_engine - WARNING - Failed to ingest item 1007: 500 - Internal Server Error
2025-11-20 16:53:01,781 - core.sync_engine - WARNING - Failed to ingest item 1008: 500 - Internal Server Error
2025-11-20 16:53:01,789 - core.sync_engine - WARNING - Failed to ingest item 1009: 500 - Internal Server Error
2025-11-20 16:53:01,797 - core.sync_engine - WARNING - Failed to ingest item 1010: 500 - Internal Server Error
2025-11-20 16:53:01,807 - core.sync_engine - WARNING - Failed to ingest item 1011: 500 - Internal Server Error
2025-11-20 16:53:01,823 - core.sync_engine - WARNING - Failed to ingest item 1012: 500 - Internal Server Error
2025-11-20 16:53:01,829 - core.sync_engine - WARNING - Failed to ingest item 1013: 500 - Internal Server Error
2025-11-20 16:53:01,842 - core.sync_engine - WARNING - Failed to ingest item 1014: 500 - Internal Server Error
2025-11-20 16:53:01,851 - core.sync_engine - WARNING - Failed to ingest item 1015: 500 - Internal Server Error
2025-11-20 16:53:01,862 - core.sync_engine - WARNING - Failed to ingest item 1016: 500 - Internal Server Error
2025-11-20 16:53:01,871 - core.sync_engine - WARNING - Failed to ingest item 1017: 500 - Internal Server Error
2025-11-20 16:53:01,878 - core.sync_engine - WARNING - Failed to ingest item 1018: 500 - Internal Server Error
2025-11-20 16:53:01,888 - core.sync_engine - WARNING - Failed to ingest item 1019: 500 - Internal Server Error
2025-11-20 16:53:01,896 - core.sync_engine - WARNING - Failed to ingest item 1020: 500 - Internal Server Error
2025-11-20 16:53:01,904 - core.sync_engine - WARNING - Failed to ingest item 1021: 500 - Internal Server Error
2025-11-20 16:53:01,916 - core.sync_engine - WARNING - Failed to ingest item 1022: 500 - Internal Server Error
2025-11-20 16:53:01,924 - core.sync_engine - WARNING - Failed to ingest item 1023: 500 - Internal Server Error
2025-11-20 16:53:01,932 - core.sync_engine - WARNING - Failed to ingest item 1024: 500 - Internal Server Error
2025-11-20 16:53:01,939 - core.sync_engine - WARNING - Failed to ingest item 1025: 500 - Internal Server Error
2025-11-20 16:53:01,948 - core.sync_engine - WARNING - Failed to ingest item 1026: 500 - Internal Server Error
2025-11-20 16:53:01,958 - core.sync_engine - WARNING - Failed to ingest item 1027: 500 - Internal Server Error
2025-11-20 16:53:01,965 - core.sync_engine - WARNING - Failed to ingest item 1028: 500 - Internal Server Error
2025-11-20 16:53:01,973 - core.sync_engine - WARNING - Failed to ingest item 1029: 500 - Internal Server Error
2025-11-20 16:53:01,981 - core.sync_engine - WARNING - Failed to ingest item 1030: 500 - Internal Server Error
2025-11-20 16:53:32,060 - core.sync_engine - WARNING - Failed to ingest item 1002: 500 - Internal Server Error
2025-11-20 16:53:32,073 - core.sync_engine - WARNING - Failed to ingest item 1003: 500 - Internal Server Error
2025-11-20 16:53:32,082 - core.sync_engine - WARNING - Failed to ingest item 1004: 500 - Internal Server Error
2025-11-20 16:53:32,097 - core.sync_engine - WARNING - Failed to ingest item 1005: 500 - Internal Server Error
2025-11-20 16:53:32,113 - core.sync_engine - WARNING - Failed to ingest item 1006: 500 - Internal Server Error
2025-11-20 16:53:32,125 - core.sync_engine - WARNING - Failed to ingest item 1007: 500 - Internal Server Error
2025-11-20 16:53:32,135 - core.sync_engine - WARNING - Failed to ingest item 1008: 500 - Internal Server Error
2025-11-20 16:53:32,144 - core.sync_engine - WARNING - Failed to ingest item 1009: 500 - Internal Server Error
2025-11-20 16:53:32,155 - core.sync_engine - WARNING - Failed to ingest item 1010: 500 - Internal Server Error
2025-11-20 16:53:32,160 - core.sync_engine - WARNING - Failed to ingest item 1011: 500 - Internal Server Error
2025-11-20 16:53:32,168 - core.sync_engine - WARNING - Failed to ingest item 1012: 500 - Internal Server Error
2025-11-20 16:53:32,178 - core.sync_engine - WARNING - Failed to ingest item 1013: 500 - Internal Server Error
2025-11-20 16:53:32,184 - core.sync_engine - WARNING - Failed to ingest item 1014: 500 - Internal Server Error
2025-11-20 16:53:32,195 - core.sync_engine - WARNING - Failed to ingest item 1015: 500 - Internal Server Error
2025-11-20 16:53:32,201 - core.sync_engine - WARNING - Failed to ingest item 1016: 500 - Internal Server Error
2025-11-20 16:53:32,212 - core.sync_engine - WARNING - Failed to ingest item 1017: 500 - Internal Server Error
2025-11-20 16:53:32,219 - core.sync_engine - WARNING - Failed to ingest item 1018: 500 - Internal Server Error
2025-11-20 16:53:32,229 - core.sync_engine - WARNING - Failed to ingest item 1019: 500 - Internal Server Error
2025-11-20 16:53:32,238 - core.sync_engine - WARNING - Failed to ingest item 1020: 500 - Internal Server Error
2025-11-20 16:53:32,249 - core.sync_engine - WARNING - Failed to ingest item 1021: 500 - Internal Server Error
2025-11-20 16:53:32,260 - core.sync_engine - WARNING - Failed to ingest item 1022: 500 - Internal Server Error
2025-11-20 16:53:32,267 - core.sync_engine - WARNING - Failed to ingest item 1023: 500 - Internal Server Error
2025-11-20 16:53:32,275 - core.sync_engine - WARNING - Failed to ingest item 1024: 500 - Internal Server Error
2025-11-20 16:53:32,280 - core.sync_engine - WARNING - Failed to ingest item 1025: 500 - Internal Server Error
2025-11-20 16:53:32,291 - core.sync_engine - WARNING - Failed to ingest item 1026: 500 - Internal Server Error
2025-11-20 16:53:32,301 - core.sync_engine - WARNING - Failed to ingest item 1027: 500 - Internal Server Error
2025-11-20 16:53:32,313 - core.sync_engine - WARNING - Failed to ingest item 1028: 500 - Internal Server Error
2025-11-20 16:53:32,319 - core.sync_engine - WARNING - Failed to ingest item 1029: 500 - Internal Server Error
2025-11-20 16:53:32,328 - core.sync_engine - WARNING - Failed to ingest item 1030: 500 - Internal Server Error
2025-11-20 16:53:32,335 - core.sync_engine - WARNING - Failed to ingest item 1031: 500 - Internal Server Error
2025-11-20 16:54:02,392 - core.sync_engine - WARNING - Failed to ingest item 1002: 500 - Internal Server Error
2025-11-20 16:54:02,436 - core.sync_engine - WARNING - Failed to ingest item 1003: 500 - Internal Server Error
2025-11-20 16:54:02,468 - core.sync_engine - WARNING - Failed to ingest item 1004: 500 - Internal Server Error
2025-11-20 16:54:02,478 - core.sync_engine - WARNING - Failed to ingest item 1005: 500 - Internal Server Error
2025-11-20 16:54:02,489 - core.sync_engine - WARNING - Failed to ingest item 1006: 500 - Internal Server Error
2025-11-20 16:54:02,499 - core.sync_engine - WARNING - Failed to ingest item 1007: 500 - Internal Server Error
2025-11-20 16:54:02,515 - core.sync_engine - WARNING - Failed to ingest item 1008: 500 - Internal Server Error
2025-11-20 16:54:02,523 - core.sync_engine - WARNING - Failed to ingest item 1009: 500 - Internal Server Error
2025-11-20 16:54:02,532 - core.sync_engine - WARNING - Failed to ingest item 1010: 500 - Internal Server Error
2025-11-20 16:54:02,539 - core.sync_engine - WARNING - Failed to ingest item 1011: 500 - Internal Server Error
2025-11-20 16:54:02,548 - core.sync_engine - WARNING - Failed to ingest item 1012: 500 - Internal Server Error
2025-11-20 16:54:02,559 - core.sync_engine - WARNING - Failed to ingest item 1013: 500 - Internal Server Error
2025-11-20 16:54:02,570 - core.sync_engine - WARNING - Failed to ingest item 1014: 500 - Internal Server Error
2025-11-20 16:54:02,580 - core.sync_engine - WARNING - Failed to ingest item 1015: 500 - Internal Server Error
2025-11-20 16:54:02,588 - core.sync_engine - WARNING - Failed to ingest item 1016: 500 - Internal Server Error
2025-11-20 16:54:02,598 - core.sync_engine - WARNING - Failed to ingest item 1017: 500 - Internal Server Error
2025-11-20 16:54:02,604 - core.sync_engine - WARNING - Failed to ingest item 1018: 500 - Internal Server Error
2025-11-20 16:54:02,620 - core.sync_engine - WARNING - Failed to ingest item 1019: 500 - Internal Server Error
2025-11-20 16:54:02,627 - core.sync_engine - WARNING - Failed to ingest item 1020: 500 - Internal Server Error
2025-11-20 16:54:02,647 - core.sync_engine - WARNING - Failed to ingest item 1021: 500 - Internal Server Error
2025-11-20 16:54:02,691 - core.sync_engine - WARNING - Failed to ingest item 1022: 500 - Internal Server Error
2025-11-20 16:54:02,706 - core.sync_engine - WARNING - Failed to ingest item 1023: 500 - Internal Server Error
2025-11-20 16:54:02,723 - core.sync_engine - WARNING - Failed to ingest item 1024: 500 - Internal Server Error
2025-11-20 16:54:02,750 - core.sync_engine - WARNING - Failed to ingest item 1025: 500 - Internal Server Error
2025-11-20 16:54:02,767 - core.sync_engine - WARNING - Failed to ingest item 1026: 500 - Internal Server Error
2025-11-20 16:54:02,780 - core.sync_engine - WARNING - Failed to ingest item 1027: 500 - Internal Server Error
2025-11-20 16:54:02,791 - core.sync_engine - WARNING - Failed to ingest item 1028: 500 - Internal Server Error
2025-11-20 16:54:02,801 - core.sync_engine - WARNING - Failed to ingest item 1029: 500 - Internal Server Error
2025-11-20 16:54:02,812 - core.sync_engine - WARNING - Failed to ingest item 1030: 500 - Internal Server Error
2025-11-20 16:54:02,820 - core.sync_engine - WARNING - Failed to ingest item 1031: 500 - Internal Server Error
2025-11-20 16:54:02,830 - core.sync_engine - WARNING - Failed to ingest item 1032: 500 - Internal Server Error
2025-11-20 16:54:33,252 - core.sync_engine - INFO - Successfully synced 32 items.
2025-11-20 16:55:03,343 - core.sync_engine - INFO - Successfully synced 1 items.
2025-11-20 16:55:33,498 - core.sync_engine - INFO - Successfully synced 1 items.
2025-11-20 16:56:03,608 - core.sync_engine - WARNING - Failed to ingest item 1036: 500 - Internal Server Error
2025-11-20 16:56:33,782 - core.sync_engine - INFO - Successfully synced 2 items.
2025-11-20 16:57:03,893 - core.sync_engine - INFO - Successfully synced 1 items.
2025-11-20 16:57:33,993 - core.sync_engine - INFO - Successfully synced 1 items.
2025-11-20 16:58:04,125 - core.sync_engine - INFO - Successfully synced 1 items.
2025-11-20 16:58:36,897 - core.sync_engine - INFO - Successfully synced 1 items.
2025-11-20 16:59:37,020 - core.sync_engine - INFO - Successfully synced 1 items.
2025-11-20 17:00:07,163 - core.sync_engine - INFO - Successfully synced 1 items.
2025-11-20 17:00:37,244 - core.sync_engine - INFO - Successfully synced 1 items.
2025-11-20 17:01:07,361 - core.sync_engine - INFO - Successfully synced 1 items.
2025-11-20 17:02:40,246 - core.sync_engine - INFO - Successfully synced 1 items.
2025-11-20 17:03:10,297 - core.sync_engine - INFO - Successfully synced 1 items.
2025-11-20 17:03:40,383 - core.sync_engine - INFO - Successfully synced 1 items.
2025-11-20 17:04:40,514 - core.sync_engine - INFO - Successfully synced 1 items.
2025-11-20 17:05:10,613 - core.sync_engine - INFO - Successfully synced 1 items.
2025-11-20 17:05:40,708 - core.sync_engine - INFO - Successfully synced 1 items.
2025-11-20 17:06:40,833 - core.sync_engine - INFO - Successfully synced 1 items.
2025-11-20 17:07:10,936 - core.sync_engine - INFO - Successfully synced 1 items.
2025-11-20 17:07:41,009 - core.sync_engine - INFO - Successfully synced 1 items.
2025-11-20 17:08:11,110 - core.sync_engine - INFO - Successfully synced 1 items.
2025-11-20 17:09:41,239 - core.sync_engine - INFO - Successfully synced 1 items.
2025-11-20 17:10:41,342 - core.sync_engine - INFO - Successfully synced 1 items.
2025-11-20 17:11:11,462 - core.sync_engine - INFO - Successfully synced 1 items.
2025-11-20 17:12:41,697 - core.sync_engine - INFO - Successfully synced 1 items.
2025-11-20 17:13:11,818 - core.sync_engine - INFO - Successfully synced 1 items.
2025-11-20 17:14:11,974 - core.sync_engine - INFO - Successfully synced 1 items.
2025-11-20 17:14:42,067 - core.sync_engine - INFO - Successfully synced 1 items.
2025-11-20 17:15:12,212 - core.sync_engine - INFO - Successfully synced 1 items.
2025-11-20 17:15:42,293 - core.sync_engine - INFO - Successfully synced 1 items.
2025-11-20 17:16:12,379 - core.sync_engine - INFO - Successfully synced 1 items.
2025-11-20 17:16:42,467 - core.sync_engine - INFO - Successfully synced 1 items.
2025-11-20 17:17:12,662 - core.sync_engine - INFO - Successfully synced 1 items.
2025-11-20 17:17:42,767 - core.sync_engine - INFO - Successfully synced 1 items.
2025-11-20 17:20:12,911 - core.sync_engine - INFO - Successfully synced 1 items.
2025-11-20 17:20:43,019 - core.sync_engine - INFO - Successfully synced 1 items.
2025-11-20 17:21:43,173 - core.sync_engine - INFO - Successfully synced 1 items.
2025-11-20 17:23:43,483 - core.sync_engine - INFO - Successfully synced 1 items.
2025-11-20 17:40:43,012 - core.sync_engine - ERROR - Network error during ingest: HTTPConnectionPool(host='localhost', port=8000): Read timed out. (read timeout=10)
2025-11-20 17:41:23,030 - core.sync_engine - ERROR - Network error during ingest: HTTPConnectionPool(host='localhost', port=8000): Read timed out. (read timeout=10)
2025-11-20 17:42:03,100 - core.sync_engine - ERROR - Network error during ingest: HTTPConnectionPool(host='localhost', port=8000): Read timed out. (read timeout=10)
2025-11-20 17:42:43,108 - core.sync_engine - ERROR - Network error during ingest: HTTPConnectionPool(host='localhost', port=8000): Read timed out. (read timeout=10)
2025-11-20 17:43:23,123 - core.sync_engine - ERROR - Network error during ingest: HTTPConnectionPool(host='localhost', port=8000): Read timed out. (read timeout=10)
2025-11-20 17:44:03,135 - core.sync_engine - ERROR - Network error during ingest: HTTPConnectionPool(host='localhost', port=8000): Read timed out. (read timeout=10)
2025-11-20 17:44:43,145 - core.sync_engine - ERROR - Network error during ingest: HTTPConnectionPool(host='localhost', port=8000): Read timed out. (read timeout=10)
2025-11-20 17:45:23,158 - core.sync_engine - ERROR - Network error during ingest: HTTPConnectionPool(host='localhost', port=8000): Read timed out. (read timeout=10)
2025-11-20 17:46:03,169 - core.sync_engine - ERROR - Network error during ingest: HTTPConnectionPool(host='localhost', port=8000): Read timed out. (read timeout=10)
2025-11-20 17:46:43,192 - core.sync_engine - ERROR - Network error during ingest: HTTPConnectionPool(host='localhost', port=8000): Read timed out. (read timeout=10)
2025-11-20 17:47:23,208 - core.sync_engine - ERROR - Network error during ingest: HTTPConnectionPool(host='localhost', port=8000): Read timed out. (read timeout=10)
2025-11-20 17:48:03,225 - core.sync_engine - ERROR - Network error during ingest: HTTPConnectionPool(host='localhost', port=8000): Read timed out. (read timeout=10)
2025-11-20 17:48:43,244 - core.sync_engine - ERROR - Network error during ingest: HTTPConnectionPool(host='localhost', port=8000): Read timed out. (read timeout=10)
2025-11-20 17:49:23,265 - core.sync_engine - ERROR - Network error during ingest: HTTPConnectionPool(host='localhost', port=8000): Read timed out. (read timeout=10)
2025-11-20 17:50:03,276 - core.sync_engine - ERROR - Network error during ingest: HTTPConnectionPool(host='localhost', port=8000): Read timed out. (read timeout=10)
2025-11-20 17:50:43,295 - core.sync_engine - ERROR - Network error during ingest: HTTPConnectionPool(host='localhost', port=8000): Read timed out. (read timeout=10)
2025-11-20 17:51:23,308 - core.sync_engine - ERROR - Network error during ingest: HTTPConnectionPool(host='localhost', port=8000): Read timed out. (read timeout=10)
2025-11-20 17:52:03,328 - core.sync_engine - ERROR - Network error during ingest: HTTPConnectionPool(host='localhost', port=8000): Read timed out. (read timeout=10)
2025-11-20 17:52:43,344 - core.sync_engine - ERROR - Network error during ingest: HTTPConnectionPool(host='localhost', port=8000): Read timed out. (read timeout=10)
2025-11-20 17:53:23,364 - core.sync_engine - ERROR - Network error during ingest: HTTPConnectionPool(host='localhost', port=8000): Read timed out. (read timeout=10)
2025-11-20 17:54:03,381 - core.sync_engine - ERROR - Network error during ingest: HTTPConnectionPool(host='localhost', port=8000): Read timed out. (read timeout=10)
2025-11-20 17:54:43,391 - core.sync_engine - ERROR - Network error during ingest: HTTPConnectionPool(host='localhost', port=8000): Read timed out. (read timeout=10)
2025-11-20 17:55:23,416 - core.sync_engine - ERROR - Network error during ingest: HTTPConnectionPool(host='localhost', port=8000): Read timed out. (read timeout=10)
2025-11-20 17:56:03,437 - core.sync_engine - ERROR - Network error during ingest: HTTPConnectionPool(host='localhost', port=8000): Read timed out. (read timeout=10)
2025-11-20 17:56:43,452 - core.sync_engine - ERROR - Network error during ingest: HTTPConnectionPool(host='localhost', port=8000): Read timed out. (read timeout=10)
2025-11-20 17:57:23,472 - core.sync_engine - ERROR - Network error during ingest: HTTPConnectionPool(host='localhost', port=8000): Read timed out. (read timeout=10)
2025-11-20 17:58:03,490 - core.sync_engine - ERROR - Network error during ingest: HTTPConnectionPool(host='localhost', port=8000): Read timed out. (read timeout=10)
2025-11-20 17:58:43,510 - core.sync_engine - ERROR - Network error during ingest: HTTPConnectionPool(host='localhost', port=8000): Read timed out. (read timeout=10)
2025-11-20 17:59:23,527 - core.sync_engine - ERROR - Network error during ingest: HTTPConnectionPool(host='localhost', port=8000): Read timed out. (read timeout=10)
2025-11-20 18:00:03,545 - core.sync_engine - ERROR - Network error during ingest: HTTPConnectionPool(host='localhost', port=8000): Read timed out. (read timeout=10)
2025-11-20 18:00:43,558 - core.sync_engine - ERROR - Network error during ingest: HTTPConnectionPool(host='localhost', port=8000): Read timed out. (read timeout=10)
2025-11-20 18:01:23,587 - core.sync_engine - ERROR - Network error during ingest: HTTPConnectionPool(host='localhost', port=8000): Read timed out. (read timeout=10)
2025-11-20 18:02:03,605 - core.sync_engine - ERROR - Network error during ingest: HTTPConnectionPool(host='localhost', port=8000): Read timed out. (read timeout=10)
2025-11-20 18:02:43,624 - core.sync_engine - ERROR - Network error during ingest: HTTPConnectionPool(host='localhost', port=8000): Read timed out. (read timeout=10)
2025-11-20 18:03:23,644 - core.sync_engine - ERROR - Network error during ingest: HTTPConnectionPool(host='localhost', port=8000): Read timed out. (read timeout=10)
2025-11-20 18:04:03,665 - core.sync_engine - ERROR - Network error during ingest: HTTPConnectionPool(host='localhost', port=8000): Read timed out. (read timeout=10)
2025-11-20 18:04:43,682 - core.sync_engine - ERROR - Network error during ingest: HTTPConnectionPool(host='localhost', port=8000): Read timed out. (read timeout=10)
2025-11-20 18:05:23,693 - core.sync_engine - ERROR - Network error during ingest: HTTPConnectionPool(host='localhost', port=8000): Read timed out. (read timeout=10)
2025-11-20 18:06:03,702 - core.sync_engine - ERROR - Network error during ingest: HTTPConnectionPool(host='localhost', port=8000): Read timed out. (read timeout=10)
2025-11-20 18:06:43,720 - core.sync_engine - ERROR - Network error during ingest: HTTPConnectionPool(host='localhost', port=8000): Read timed out. (read timeout=10)
2025-11-20 18:07:23,738 - core.sync_engine - ERROR - Network error during ingest: HTTPConnectionPool(host='localhost', port=8000): Read timed out. (read timeout=10)
2025-11-20 18:08:03,755 - core.sync_engine - ERROR - Network error during ingest: HTTPConnectionPool(host='localhost', port=8000): Read timed out. (read timeout=10)
2025-11-20 18:08:43,774 - core.sync_engine - ERROR - Network error during ingest: HTTPConnectionPool(host='localhost', port=8000): Read timed out. (read timeout=10)
2025-11-20 18:09:15,129 - core.sync_engine - INFO - Successfully synced 36 items.
2025-11-20 18:09:45,282 - core.sync_engine - INFO - Successfully synced 1 items.
2025-11-20 18:10:15,394 - core.sync_engine - INFO - Successfully synced 1 items.
2025-11-20 18:12:45,612 - core.sync_engine - INFO - Successfully synced 1 items.
2025-11-20 18:13:45,716 - core.sync_engine - INFO - Successfully synced 1 items.
2025-11-20 18:14:45,868 - core.sync_engine - INFO - Successfully synced 1 items.
2025-11-20 18:15:46,008 - core.sync_engine - INFO - Successfully synced 1 items.
2025-11-20 18:17:16,128 - core.sync_engine - INFO - Successfully synced 1 items.
2025-11-20 18:18:16,235 - core.sync_engine - INFO - Successfully synced 1 items.
2025-11-20 18:19:46,466 - core.sync_engine - INFO - Successfully synced 1 items.
2025-11-20 18:20:16,553 - core.sync_engine - INFO - Successfully synced 1 items.
2025-11-20 18:20:46,602 - core.sync_engine - INFO - Successfully synced 1 items.
2025-11-20 18:21:46,790 - core.sync_engine - INFO - Successfully synced 1 items.
2025-11-20 18:22:16,962 - core.sync_engine - INFO - Successfully synced 1 items.
2025-11-20 18:22:47,056 - core.sync_engine - INFO - Successfully synced 1 items.
2025-11-20 18:23:47,301 - core.sync_engine - INFO - Successfully synced 1 items.
2025-11-20 18:24:17,412 - core.sync_engine - INFO - Successfully synced 1 items.
2025-11-20 18:24:47,505 - core.sync_engine - INFO - Successfully synced 1 items.
2025-11-20 18:25:47,620 - core.sync_engine - INFO - Successfully synced 1 items.
2025-11-20 18:27:17,715 - core.sync_engine - INFO - Successfully synced 1 items.
2025-11-20 18:27:47,768 - core.sync_engine - INFO - Successfully synced 1 items.
2025-11-20 18:31:17,943 - core.sync_engine - INFO - Successfully synced 1 items.
2025-11-20 18:32:18,047 - core.sync_engine - INFO - Successfully synced 1 items.
2025-11-20 18:33:18,124 - core.sync_engine - INFO - Successfully synced 1 items.
2025-11-20 18:33:48,231 - core.sync_engine - INFO - Successfully synced 1 items.
2025-11-20 18:34:48,337 - core.sync_engine - INFO - Successfully synced 1 items.
2025-11-20 18:35:18,432 - core.sync_engine - INFO - Successfully synced 1 items.
2025-11-20 18:35:48,467 - core.sync_engine - INFO - Successfully synced 1 items.
2025-11-20 18:37:28,540 - core.sync_engine - ERROR - Network error during ingest: HTTPConnectionPool(host='localhost', port=8000): Read timed out. (read timeout=10)
2025-11-20 18:38:08,555 - core.sync_engine - ERROR - Network error during ingest: HTTPConnectionPool(host='localhost', port=8000): Read timed out. (read timeout=10)
2025-11-20 18:38:38,618 - core.sync_engine - INFO - Successfully synced 1 items.
2025-11-20 18:39:08,751 - core.sync_engine - INFO - Successfully synced 1 items.
2025-11-20 18:39:38,877 - core.sync_engine - INFO - Successfully synced 1 items.
2025-11-20 18:40:08,932 - core.sync_engine - INFO - Successfully synced 1 items.
2025-11-20 18:40:39,028 - core.sync_engine - INFO - Successfully synced 1 items.
2025-11-20 18:41:09,130 - core.sync_engine - INFO - Successfully synced 1 items.
2025-11-20 18:41:39,188 - core.sync_engine - INFO - Successfully synced 1 items.
2025-11-20 18:42:09,267 - core.sync_engine - INFO - Successfully synced 1 items.
2025-11-20 18:42:39,371 - core.sync_engine - INFO - Successfully synced 1 items.
2025-11-20 18:43:39,486 - core.sync_engine - INFO - Successfully synced 1 items.
2025-11-20 18:44:09,592 - core.sync_engine - INFO - Successfully synced 1 items.
2025-11-20 18:45:39,702 - core.sync_engine - INFO - Successfully synced 1 items.
2025-11-20 18:49:09,916 - core.sync_engine - INFO - Successfully synced 1 items.
2025-11-20 18:50:10,028 - core.sync_engine - INFO - Successfully synced 1 items.
2025-11-20 18:51:40,159 - core.sync_engine - INFO - Successfully synced 1 items.
2025-11-20 18:52:40,273 - core.sync_engine - INFO - Successfully synced 1 items.
2025-11-20 18:53:40,367 - core.sync_engine - INFO - Successfully synced 1 items.
2025-11-20 18:55:10,504 - core.sync_engine - INFO - Successfully synced 1 items.
2025-11-20 18:56:40,636 - core.sync_engine - INFO - Successfully synced 1 items.
2025-11-20 18:57:40,720 - core.sync_engine - INFO - Successfully synced 1 items.
2025-11-20 18:58:10,796 - core.sync_engine - INFO - Successfully synced 1 items.
2025-11-20 18:59:10,915 - core.sync_engine - INFO - Successfully synced 1 items.
2025-11-20 18:59:41,145 - core.sync_engine - INFO - Successfully synced 1 items.
2025-11-20 19:00:11,250 - core.sync_engine - INFO - Successfully synced 1 items.
2025-11-20 19:01:41,389 - core.sync_engine - INFO - Successfully synced 1 items.
2025-11-20 19:03:11,518 - core.sync_engine - INFO - Successfully synced 1 items.
2025-11-20 19:04:11,624 - core.sync_engine - INFO - Successfully synced 1 items.
2025-11-20 19:04:41,672 - core.sync_engine - INFO - Successfully synced 1 items.
2025-11-20 19:05:11,761 - core.sync_engine - INFO - Successfully synced 1 items.
2025-11-20 19:05:41,808 - core.sync_engine - INFO - Successfully synced 1 items.
2025-11-20 19:06:41,918 - core.sync_engine - INFO - Successfully synced 1 items.
2025-11-20 19:08:42,028 - core.sync_engine - INFO - Successfully synced 1 items.
2025-11-20 19:09:12,102 - core.sync_engine - INFO - Successfully synced 1 items.
2025-11-20 19:11:42,273 - core.sync_engine - INFO - Successfully synced 1 items.
2025-11-20 19:12:42,339 - core.sync_engine - INFO - Successfully synced 1 items.
2025-11-20 19:14:12,461 - core.sync_engine - INFO - Successfully synced 1 items.
2025-11-20 19:14:42,565 - core.sync_engine - INFO - Successfully synced 1 items.
2025-11-20 19:15:12,643 - core.sync_engine - INFO - Successfully synced 1 items.
2025-11-20 19:15:42,748 - core.sync_engine - INFO - Successfully synced 1 items.
2025-11-20 19:16:12,865 - core.sync_engine - INFO - Successfully synced 1 items.
2025-11-20 19:17:12,995 - core.sync_engine - INFO - Successfully synced 1 items.
2025-11-20 19:17:43,094 - core.sync_engine - INFO - Successfully synced 1 items.
2025-11-20 19:18:13,182 - core.sync_engine - INFO - Successfully synced 1 items.
2025-11-20 19:18:43,311 - core.sync_engine - INFO - Successfully synced 1 items.
2025-11-20 19:19:43,423 - core.sync_engine - INFO - Successfully synced 1 items.
2025-11-20 19:20:43,528 - core.sync_engine - INFO - Successfully synced 1 items.
2025-11-20 19:21:13,618 - core.sync_engine - INFO - Successfully synced 1 items.
2025-11-20 19:21:43,763 - core.sync_engine - INFO - Successfully synced 1 items.
2025-11-20 19:22:13,852 - core.sync_engine - INFO - Successfully synced 1 items.
2025-11-20 19:23:13,948 - core.sync_engine - INFO - Successfully synced 1 items.
2025-11-20 19:24:44,049 - core.sync_engine - INFO - Successfully synced 1 items.
2025-11-20 19:27:22,200 - core.sync_engine - INFO - Successfully synced 1 items.
2025-11-20 19:27:52,292 - core.sync_engine - INFO - Successfully synced 1 items.
2025-11-20 19:28:22,380 - core.sync_engine - INFO - Successfully synced 1 items.
2025-11-20 19:28:52,441 - core.sync_engine - INFO - Successfully synced 1 items.
2025-11-20 19:29:52,547 - core.sync_engine - INFO - Successfully synced 1 items.
2025-11-20 19:30:22,656 - core.sync_engine - INFO - Successfully synced 1 items.
2025-11-20 19:30:52,738 - core.sync_engine - INFO - Successfully synced 1 items.
2025-11-20 19:32:52,859 - core.sync_engine - INFO - Successfully synced 1 items.
2025-11-20 19:33:22,937 - core.sync_engine - INFO - Successfully synced 1 items.
2025-11-20 19:33:53,030 - core.sync_engine - INFO - Successfully synced 1 items.
2025-11-20 19:34:23,075 - core.sync_engine - INFO - Successfully synced 1 items.
2025-11-20 19:35:53,168 - core.sync_engine - INFO - Successfully synced 1 items.
2025-11-20 19:36:53,382 - core.sync_engine - INFO - Successfully synced 1 items.
2025-11-20 19:37:24,783 - core.sync_engine - INFO - Successfully synced 1 items.
2025-11-20 19:37:54,914 - core.sync_engine - INFO - Successfully synced 1 items.
2025-11-20 19:38:25,178 - core.sync_engine - INFO - Successfully synced 1 items.
2025-11-20 19:38:55,278 - core.sync_engine - INFO - Successfully synced 1 items.
2025-11-20 19:39:25,384 - core.sync_engine - INFO - Successfully synced 1 items.
2025-11-20 19:39:55,472 - core.sync_engine - INFO - Successfully synced 1 items.
2025-11-20 19:40:25,557 - core.sync_engine - INFO - Successfully synced 1 items.
2025-11-20 19:40:55,644 - core.sync_engine - INFO - Successfully synced 1 items.
2025-11-20 19:41:25,732 - core.sync_engine - INFO - Successfully synced 1 items.
2025-11-20 19:41:55,846 - core.sync_engine - INFO - Successfully synced 1 items.
2025-11-20 19:42:25,937 - core.sync_engine - INFO - Successfully synced 1 items.
2025-11-20 19:42:56,037 - core.sync_engine - INFO - Successfully synced 1 items.
2025-11-20 19:43:26,104 - core.sync_engine - INFO - Successfully synced 1 items.
2025-11-20 19:43:56,190 - core.sync_engine - INFO - Successfully synced 1 items.
2025-11-20 19:45:26,382 - core.sync_engine - INFO - Successfully synced 1 items.
2025-11-20 19:45:56,508 - core.sync_engine - INFO - Successfully synced 1 items.
2025-11-20 19:46:56,599 - core.sync_engine - INFO - Successfully synced 1 items.
2025-11-20 19:47:26,698 - core.sync_engine - INFO - Successfully synced 1 items.
2025-11-20 19:47:56,747 - core.sync_engine - WARNING - Failed to ingest item 1218: 500 - Internal Server Error
2025-11-20 19:48:26,863 - core.sync_engine - WARNING - Failed to ingest item 1218: 500 - Internal Server Error
2025-11-20 19:48:26,895 - core.sync_engine - WARNING - Failed to ingest item 1219: 500 - Internal Server Error
2025-11-20 19:48:56,958 - core.sync_engine - WARNING - Failed to ingest item 1218: 500 - Internal Server Error
2025-11-20 19:48:56,993 - core.sync_engine - WARNING - Failed to ingest item 1219: 500 - Internal Server Error
2025-11-20 19:48:57,003 - core.sync_engine - WARNING - Failed to ingest item 1220: 500 - Internal Server Error
2025-11-20 19:49:27,092 - core.sync_engine - WARNING - Failed to ingest item 1218: 500 - Internal Server Error
2025-11-20 19:49:27,106 - core.sync_engine - WARNING - Failed to ingest item 1219: 500 - Internal Server Error
2025-11-20 19:49:27,117 - core.sync_engine - WARNING - Failed to ingest item 1220: 500 - Internal Server Error
2025-11-20 19:49:27,127 - core.sync_engine - WARNING - Failed to ingest item 1221: 500 - Internal Server Error
2025-11-20 19:51:39,609 - __main__ - INFO - Performing initial extension sync...
2025-11-20 19:51:39,611 - core.extension_manager - INFO - Checking for extension updates...
2025-11-20 19:51:39,729 - core.extension_manager - INFO - Starting collectors...
2025-11-20 19:51:39,729 - core.extension_manager - INFO - Spawning collector for com.lifelog.aw: collector.py
2025-11-20 19:51:39,733 - core.extension_manager - INFO - Started monitoring thread for com.lifelog.aw
2025-11-20 19:51:39,734 - core.sync_engine - INFO - SyncEngine started.
2025-11-20 19:51:39,804 - core.sync_engine - WARNING - Failed to ingest item 1218: 500 - Internal Server Error
2025-11-20 19:51:39,813 - core.sync_engine - WARNING - Failed to ingest item 1219: 500 - Internal Server Error
2025-11-20 19:51:39,827 - core.sync_engine - WARNING - Failed to ingest item 1220: 500 - Internal Server Error
2025-11-20 19:51:39,843 - core.sync_engine - WARNING - Failed to ingest item 1221: 500 - Internal Server Error
2025-11-20 19:51:39,939 - __main__ - INFO - LifeLog Client started.
2025-11-20 19:55:23,538 - __main__ - INFO - Performing initial extension sync...
2025-11-20 19:55:23,540 - core.extension_manager - INFO - Checking for extension updates...
2025-11-20 19:55:23,617 - core.extension_manager - INFO - Starting collectors...
2025-11-20 19:55:23,617 - core.extension_manager - INFO - Spawning collector for com.lifelog.aw: collector.py
2025-11-20 19:55:23,620 - core.extension_manager - INFO - Started monitoring thread for com.lifelog.aw
2025-11-20 19:55:23,621 - core.sync_engine - INFO - SyncEngine started.
2025-11-20 19:55:23,712 - core.sync_engine - INFO - Successfully synced 4 items.
2025-11-20 19:55:23,781 - __main__ - INFO - LifeLog Client started.
2025-11-20 19:56:23,892 - core.sync_engine - INFO - Successfully synced 1 items.
2025-11-20 19:57:23,995 - core.sync_engine - INFO - Successfully synced 1 items.
2025-11-20 19:57:54,107 - core.sync_engine - INFO - Successfully synced 1 items.
2025-11-20 19:58:24,178 - core.sync_engine - INFO - Successfully synced 1 items.
2025-11-20 19:59:24,298 - core.sync_engine - INFO - Successfully synced 1 items.
2025-11-20 20:00:24,415 - core.sync_engine - INFO - Successfully synced 1 items.
2025-11-20 20:01:04,442 - core.sync_engine - ERROR - Network error during ingest: HTTPConnectionPool(host='localhost', port=8000): Read timed out. (read timeout=10)
2025-11-20 20:01:44,459 - core.sync_engine - ERROR - Network error during ingest: HTTPConnectionPool(host='localhost', port=8000): Read timed out. (read timeout=10)
2025-11-20 20:02:14,614 - core.sync_engine - INFO - Successfully synced 3 items.
2025-11-20 20:03:14,770 - core.sync_engine - INFO - Successfully synced 1 items.
2025-11-20 20:04:14,851 - core.sync_engine - INFO - Successfully synced 1 items.
2025-11-20 20:06:15,068 - core.sync_engine - INFO - Successfully synced 1 items.
2025-11-20 20:06:45,188 - core.sync_engine - INFO - Successfully synced 1 items.
2025-11-20 20:07:15,275 - core.sync_engine - INFO - Successfully synced 1 items.
2025-11-20 20:07:45,402 - core.sync_engine - INFO - Successfully synced 1 items.
2025-11-20 20:08:15,520 - core.sync_engine - INFO - Successfully synced 1 items.
2025-11-20 20:08:45,625 - core.sync_engine - INFO - Successfully synced 1 items.
2025-11-20 20:09:15,772 - core.sync_engine - INFO - Successfully synced 1 items.
2025-11-20 20:09:45,935 - core.sync_engine - INFO - Successfully synced 1 items.
2025-11-20 20:10:16,053 - core.sync_engine - INFO - Successfully synced 1 items.
2025-11-20 20:10:46,212 - core.sync_engine - INFO - Successfully synced 1 items.
2025-11-20 20:11:16,310 - core.sync_engine - INFO - Successfully synced 1 items.
2025-11-20 20:12:16,460 - core.sync_engine - INFO - Successfully synced 1 items.
2025-11-20 20:12:46,632 - core.sync_engine - INFO - Successfully synced 1 items.
2025-11-20 20:13:16,733 - core.sync_engine - INFO - Successfully synced 1 items.
2025-11-20 20:14:16,996 - core.sync_engine - INFO - Successfully synced 1 items.
2025-11-20 20:14:47,185 - core.sync_engine - INFO - Successfully synced 1 items.
2025-11-20 20:15:17,319 - core.sync_engine - INFO - Successfully synced 1 items.
2025-11-20 20:16:17,496 - core.sync_engine - INFO - Successfully synced 1 items.
2025-11-20 20:17:17,883 - core.sync_engine - INFO - Successfully synced 1 items.
2025-11-20 20:17:48,025 - core.sync_engine - INFO - Successfully synced 1 items.
2025-11-20 20:18:48,200 - core.sync_engine - INFO - Successfully synced 1 items.
2025-11-20 20:19:18,366 - core.sync_engine - INFO - Successfully synced 1 items.
2025-11-20 20:19:48,450 - core.sync_engine - INFO - Successfully synced 1 items.
2025-11-20 20:20:18,649 - core.sync_engine - INFO - Successfully synced 1 items.
2025-11-20 20:20:48,783 - core.sync_engine - INFO - Successfully synced 1 items.
2025-11-20 20:21:48,963 - core.sync_engine - INFO - Successfully synced 1 items.
2025-11-20 20:22:49,085 - core.sync_engine - INFO - Successfully synced 1 items.
2025-11-20 20:23:49,206 - core.sync_engine - INFO - Successfully synced 1 items.
2025-11-20 20:24:49,432 - core.sync_engine - INFO - Successfully synced 1 items.
2025-11-20 20:25:49,539 - core.sync_engine - INFO - Successfully synced 1 items.
2025-11-20 20:26:19,630 - core.sync_engine - INFO - Successfully synced 1 items.
2025-11-20 20:27:19,771 - core.sync_engine - INFO - Successfully synced 1 items.
2025-11-20 20:28:49,907 - core.sync_engine - INFO - Successfully synced 1 items.
2025-11-20 20:29:20,014 - core.sync_engine - INFO - Successfully synced 1 items.
2025-11-20 20:29:50,149 - core.sync_engine - INFO - Successfully synced 1 items.
2025-11-20 20:30:20,244 - core.sync_engine - INFO - Successfully synced 1 items.
2025-11-20 20:30:50,299 - core.sync_engine - INFO - Successfully synced 1 items.
2025-11-20 20:31:20,393 - core.sync_engine - INFO - Successfully synced 1 items.
2025-11-20 20:31:50,589 - core.sync_engine - INFO - Successfully synced 1 items.
2025-11-20 20:32:20,716 - core.sync_engine - INFO - Successfully synced 1 items.
2025-11-20 20:32:50,832 - core.sync_engine - INFO - Successfully synced 1 items.
2025-11-20 20:33:50,954 - core.sync_engine - INFO - Successfully synced 1 items.
2025-11-20 20:34:51,065 - core.sync_engine - INFO - Successfully synced 1 items.
2025-11-20 20:37:21,210 - core.sync_engine - INFO - Successfully synced 1 items.
2025-11-20 20:37:51,330 - core.sync_engine - INFO - Successfully synced 1 items.
2025-11-20 20:38:21,424 - core.sync_engine - INFO - Successfully synced 1 items.
2025-11-20 20:38:51,542 - core.sync_engine - INFO - Successfully synced 1 items.
2025-11-20 20:39:21,666 - core.sync_engine - INFO - Successfully synced 1 items.
2025-11-20 20:40:51,780 - core.sync_engine - INFO - Successfully synced 1 items.
2025-11-20 20:41:51,903 - core.sync_engine - INFO - Successfully synced 1 items.
2025-11-20 20:42:22,037 - core.sync_engine - INFO - Successfully synced 1 items.
2025-11-20 20:42:52,135 - core.sync_engine - INFO - Successfully synced 1 items.
2025-11-20 20:43:52,226 - core.sync_engine - INFO - Successfully synced 1 items.
2025-11-20 20:44:22,352 - core.sync_engine - INFO - Successfully synced 1 items.
2025-11-20 20:44:52,484 - core.sync_engine - INFO - Successfully synced 1 items.
2025-11-20 20:45:22,568 - core.sync_engine - INFO - Successfully synced 1 items.
2025-11-20 20:45:52,654 - core.sync_engine - INFO - Successfully synced 1 items.
2025-11-20 20:46:52,892 - core.sync_engine - INFO - Successfully synced 1 items.
2025-11-20 20:47:23,049 - core.sync_engine - INFO - Successfully synced 1 items.
2025-11-20 20:48:23,276 - core.sync_engine - INFO - Successfully synced 1 items.
2025-11-20 20:48:53,416 - core.sync_engine - INFO - Successfully synced 1 items.
2025-11-20 20:49:23,532 - core.sync_engine - INFO - Successfully synced 1 items.
2025-11-20 20:49:53,615 - core.sync_engine - INFO - Successfully synced 1 items.
2025-11-20 20:50:23,713 - core.sync_engine - INFO - Successfully synced 1 items.
2025-11-20 20:50:53,810 - core.sync_engine - INFO - Successfully synced 1 items.
2025-11-20 20:51:23,914 - core.sync_engine - INFO - Successfully synced 1 items.
2025-11-20 20:52:24,030 - core.sync_engine - INFO - Successfully synced 1 items.
2025-11-20 20:52:54,150 - core.sync_engine - INFO - Successfully synced 1 items.
2025-11-20 20:53:24,246 - core.sync_engine - INFO - Successfully synced 1 items.
2025-11-20 20:54:54,541 - core.sync_engine - INFO - Successfully synced 1 items.
2025-11-20 20:55:54,651 - core.sync_engine - INFO - Successfully synced 1 items.
2025-11-20 20:57:24,773 - core.sync_engine - INFO - Successfully synced 1 items.
2025-11-20 20:57:54,893 - core.sync_engine - INFO - Successfully synced 1 items.
2025-11-20 20:58:24,958 - core.sync_engine - INFO - Successfully synced 1 items.
2025-11-20 20:58:55,034 - core.sync_engine - INFO - Successfully synced 1 items.
2025-11-20 20:59:55,134 - core.sync_engine - INFO - Successfully synced 1 items.
2025-11-20 21:00:25,243 - core.sync_engine - INFO - Successfully synced 1 items.
2025-11-20 21:00:55,403 - core.sync_engine - INFO - Successfully synced 1 items.
2025-11-20 21:01:25,512 - core.sync_engine - INFO - Successfully synced 1 items.
2025-11-20 21:01:55,599 - core.sync_engine - INFO - Successfully synced 1 items.
2025-11-20 21:03:25,774 - core.sync_engine - INFO - Successfully synced 1 items.
2025-11-20 21:03:55,891 - core.sync_engine - INFO - Successfully synced 1 items.
2025-11-20 21:04:26,004 - core.sync_engine - INFO - Successfully synced 1 items.
2025-11-20 21:05:26,145 - core.sync_engine - INFO - Successfully synced 1 items.
2025-11-20 21:05:56,246 - core.sync_engine - INFO - Successfully synced 1 items.
2025-11-20 21:06:26,343 - core.sync_engine - INFO - Successfully synced 1 items.
2025-11-20 21:06:56,448 - core.sync_engine - INFO - Successfully synced 1 items.
2025-11-20 21:07:56,590 - core.sync_engine - INFO - Successfully synced 1 items.
2025-11-20 21:08:26,676 - core.sync_engine - INFO - Successfully synced 1 items.
2025-11-20 21:08:56,850 - core.sync_engine - INFO - Successfully synced 1 items.
2025-11-20 21:09:26,950 - core.sync_engine - INFO - Successfully synced 1 items.
2025-11-20 21:09:57,066 - core.sync_engine - INFO - Successfully synced 1 items.
2025-11-20 21:10:27,158 - core.sync_engine - INFO - Successfully synced 1 items.
2025-11-20 21:11:57,292 - core.sync_engine - INFO - Successfully synced 1 items.
2025-11-20 21:12:27,397 - core.sync_engine - INFO - Successfully synced 1 items.
2025-11-20 21:12:57,488 - core.sync_engine - INFO - Successfully synced 1 items.
2025-11-20 21:13:27,630 - core.sync_engine - INFO - Successfully synced 1 items.
2025-11-20 21:14:27,754 - core.sync_engine - INFO - Successfully synced 1 items.
2025-11-20 21:14:57,866 - core.sync_engine - INFO - Successfully synced 1 items.
2025-11-20 21:15:27,968 - core.sync_engine - INFO - Successfully synced 1 items.
2025-11-20 21:15:58,073 - core.sync_engine - INFO - Successfully synced 1 items.
2025-11-20 21:16:17,674 - __main__ - INFO - Performing initial extension sync...
2025-11-20 21:16:17,675 - core.extension_manager - INFO - Checking for extension updates...
2025-11-20 21:16:17,717 - core.extension_manager - INFO - Starting collectors...
2025-11-20 21:16:17,717 - core.extension_manager - INFO - Spawning collector for com.lifelog.aw: collector.py
2025-11-20 21:16:17,719 - core.extension_manager - INFO - Started monitoring thread for com.lifelog.aw
2025-11-20 21:16:17,719 - core.sync_engine - INFO - SyncEngine started.
2025-11-20 21:16:17,862 - __main__ - INFO - LifeLog Client started.
2025-11-20 21:17:17,848 - core.sync_engine - INFO - Successfully synced 1 items.
2025-11-20 21:17:47,973 - core.sync_engine - INFO - Successfully synced 1 items.
2025-11-20 21:18:18,094 - core.sync_engine - INFO - Successfully synced 1 items.
2025-11-20 21:20:18,328 - core.sync_engine - INFO - Successfully synced 1 items.
2025-11-20 21:21:48,485 - core.sync_engine - INFO - Successfully synced 1 items.
2025-11-20 21:22:48,629 - core.sync_engine - INFO - Successfully synced 1 items.
2025-11-20 21:23:18,734 - core.sync_engine - INFO - Successfully synced 1 items.
2025-11-20 21:23:48,855 - core.sync_engine - INFO - Successfully synced 1 items.
2025-11-20 21:24:18,968 - core.sync_engine - INFO - Successfully synced 1 items.
2025-11-20 21:25:19,104 - core.sync_engine - INFO - Successfully synced 1 items.
2025-11-20 21:25:49,234 - core.sync_engine - INFO - Successfully synced 1 items.
2025-11-20 21:26:19,347 - core.sync_engine - INFO - Successfully synced 1 items.
2025-11-20 21:26:49,431 - core.sync_engine - INFO - Successfully synced 1 items.
2025-11-20 21:27:49,610 - core.sync_engine - INFO - Successfully synced 1 items.
2025-11-20 21:28:19,723 - core.sync_engine - INFO - Successfully synced 1 items.
2025-11-20 21:29:19,872 - core.sync_engine - INFO - Successfully synced 1 items.
2025-11-20 21:30:20,061 - core.sync_engine - INFO - Successfully synced 1 items.
2025-11-20 21:31:50,186 - core.sync_engine - INFO - Successfully synced 1 items.
2025-11-20 21:32:20,329 - core.sync_engine - INFO - Successfully synced 1 items.
2025-11-20 21:32:50,435 - core.sync_engine - INFO - Successfully synced 1 items.
2025-11-20 21:33:20,532 - core.sync_engine - INFO - Successfully synced 1 items.
2025-11-20 21:33:50,640 - core.sync_engine - INFO - Successfully synced 1 items.
2025-11-20 21:34:20,761 - core.sync_engine - INFO - Successfully synced 1 items.
2025-11-20 21:35:20,870 - core.sync_engine - INFO - Successfully synced 1 items.
2025-11-20 21:35:50,967 - core.sync_engine - INFO - Successfully synced 1 items.
2025-11-20 21:36:21,136 - core.sync_engine - INFO - Successfully synced 1 items.
2025-11-20 21:36:51,278 - core.sync_engine - INFO - Successfully synced 1 items.
2025-11-20 21:37:21,372 - core.sync_engine - INFO - Successfully synced 1 items.
2025-11-20 21:37:51,459 - core.sync_engine - INFO - Successfully synced 1 items.
2025-11-20 21:38:21,637 - core.sync_engine - INFO - Successfully synced 1 items.
2025-11-20 21:38:51,758 - core.sync_engine - INFO - Successfully synced 1 items.
2025-11-20 21:39:21,886 - core.sync_engine - INFO - Successfully synced 1 items.
2025-11-20 21:39:52,034 - core.sync_engine - INFO - Successfully synced 1 items.
2025-11-20 21:40:22,217 - core.sync_engine - INFO - Successfully synced 1 items.
2025-11-20 21:41:22,346 - core.sync_engine - INFO - Successfully synced 1 items.
2025-11-20 21:41:52,443 - core.sync_engine - INFO - Successfully synced 1 items.
2025-11-20 21:42:22,574 - core.sync_engine - INFO - Successfully synced 1 items.
2025-11-20 21:42:52,653 - core.sync_engine - INFO - Successfully synced 1 items.
2025-11-20 21:43:52,850 - core.sync_engine - INFO - Successfully synced 1 items.
2025-11-20 21:44:23,013 - core.sync_engine - INFO - Successfully synced 1 items.
2025-11-20 21:45:23,210 - core.sync_engine - INFO - Successfully synced 1 items.
2025-11-20 21:45:53,313 - core.sync_engine - INFO - Successfully synced 1 items.
2025-11-20 21:46:23,449 - core.sync_engine - INFO - Successfully synced 1 items.
2025-11-20 21:46:53,590 - core.sync_engine - INFO - Successfully synced 1 items.
2025-11-20 21:47:23,684 - core.sync_engine - INFO - Successfully synced 1 items.
2025-11-20 21:47:53,782 - core.sync_engine - INFO - Successfully synced 1 items.
2025-11-20 21:48:23,898 - core.sync_engine - INFO - Successfully synced 1 items.
2025-11-20 21:49:24,022 - core.sync_engine - INFO - Successfully synced 1 items.
2025-11-20 21:50:24,145 - core.sync_engine - INFO - Successfully synced 1 items.
2025-11-20 21:50:54,247 - core.sync_engine - INFO - Successfully synced 1 items.
2025-11-20 21:51:24,345 - core.sync_engine - INFO - Successfully synced 1 items.
2025-11-20 21:51:54,432 - core.sync_engine - INFO - Successfully synced 1 items.
2025-11-20 21:52:24,570 - core.sync_engine - INFO - Successfully synced 1 items.
2025-11-20 21:52:54,775 - core.sync_engine - INFO - Successfully synced 1 items.
2025-11-20 21:53:24,853 - core.sync_engine - INFO - Successfully synced 1 items.
2025-11-20 21:54:55,004 - core.sync_engine - INFO - Successfully synced 1 items.
2025-11-20 21:56:55,222 - core.sync_engine - INFO - Successfully synced 1 items.
2025-11-20 21:57:25,288 - core.sync_engine - INFO - Successfully synced 1 items.
2025-11-20 21:58:55,378 - core.sync_engine - INFO - Successfully synced 1 items.
2025-11-20 21:59:55,435 - core.sync_engine - INFO - Successfully synced 1 items.
2025-11-20 22:01:25,555 - core.sync_engine - INFO - Successfully synced 1 items.
2025-11-20 22:01:55,645 - core.sync_engine - INFO - Successfully synced 1 items.
2025-11-20 22:02:25,688 - core.sync_engine - INFO - Successfully synced 1 items.
2025-11-20 22:03:25,801 - core.sync_engine - INFO - Successfully synced 1 items.
2025-11-20 22:03:55,871 - core.sync_engine - INFO - Successfully synced 1 items.
